1392~84~5.1,0001.600.110.a
1393~220~5,0002.600.000.n
1392~81~2,0003.600.110.b
1393~135~2.400,0004.400.100.s
1393~148~7.600,0005.600.000.n
1392~193~11.1,0006.600.000.n
1393~135~14,0007.600.100.s
1393~269~1,0008.600.000.n
1393~296~3.400,0009.400.000.n
1393~246~4.400,0010.400.000.n
1393~179~2.400,0011.400.000.n
1392~128~4.660,0012.600.000.n
1392~156~2.600,0013.600.110.a
1393~239~6.400,0014.400.000.n
1392~64~3,0015.400.100.k
1393~182~3,0016.600.000.n
1393~217~2,0017.600.100.n
1393~155~6.400,0018.400.000.n
1393~275~2,0019.600.100.n
1393~210~12.400,0020.400.000.n
1392~101~3.1.1,0021.600.010.b
1392~137~6.400,0022.400.010.n
1392~92~11.1,0023.400.100.b
1393~278~4.1,0024.600.100.s
1392~150~4,0025.400.100.s
1392~220~3.400,0026.400.000.n
1392~54~1,0027.400.010.k
1393~239~5.400,0028.400.000.n
1393~210~8.400,0029.400.100.n
1393~132~4.400,0030.400.000.n
1392~148~3,0031.600.010.k
1392~92~2,0032.600.000.b
1393~135~6.1,0033.600.100.s
1392~223~2.400,0034.400.000.n
1393~127~1.400,0035.400.100.a
1393~109~7.400,0036.400.000.n
1393~290~2.400,0037.400.100.n
1393~270~8.400,0038.400.000.n
1392~64~10,0039.400.000.k
1393~297~2,0040.600.000.b
1393~113~1.400,0041.400.100.s
1392~223~8.400,0042.400.010.n
1392~157~3,0043.400.000.n
1392~64~12,0044.400.100.a
1392~128~14.600,0045.600.000.n
1393~269~2,0046.600.001.n
1393~148~1.1,0047.600.000.n
1393~297~3.400,0048.400.000.n
1392~187~9,0049.600.000.n
1393~245~2.400,0050.400.000.n
1393~162~1,0051.600.000.n
1392~107~4.1,0052.400.000.b
1393~155~4.400,0053.400.100.n
1392~193~11,0054.600.000.n
1392~92~9..1,0055.400.000.b
1393~220~1.400,0056.400.000.n
1392~84~7.1,0057.600.110.n
1392~71~1,0058.600.010.b
1392~156~1.600,0059.600.000.n
1392~217~1.1,0060.600.100.s
1392~130~4,0061.600.110.s
1392~107~1.1,0062.400.100.b
1393~109~8,0063.600.000.a
1393~137~1,0064.600.000.n
1392~193~3,0065.600.100.s
1393~156~4.400,0066.400.000.n
1393~303~5.400,0067.400.110.n
1393~148~10,0068.600.000.n
1393~140~1,0069.600.100.a
1393~202~1,0070.600.000.n
1392~169~4.2,0071.600.010.k
1393~140~1.400,0072.400.100.a
1393~270~4.400,0073.400.110.k
1392~147~5.600,0074.600.000.n
1392~128~1.400,0075.400.000.b
1392~101~7.1,0076.600.100.n
1393~171~3,0077.600.000.n
1393~239~4.400,0078.400.000.n
1392~139~3.400,0079.400.100.k
1393~276~1,0080.600.000.n
1393~102~4,0081.600.010.n
1393~263~12.400,0082.400.100.s
1392~128~9.1,0083.600.110.b
1392~130~9,0084.600.110.a
1393~102~1.400,0085.400.110.n
1392~139~6,0086.600.100.s
1393~276~3,0087.600.000.n
1393~171~6.400,0088.400.000.a
1392~139~6.400,0089.400.100.s
1393~195~4.400,0090.400.000.n
1392~54~6,0091.400.000.k
1392~204~5.1,0092.600.001.a
1393~303~3,0093.600.100.k
1392~187~7.400,0094.400.000.n
1393~195~4,0095.600.000.n
1392~187~3.1,0096.600.000.n
1392~52~2,0097.400.000.n
1392~128~1,0098.600.000.b
1392~139~1.400,0099.400.100.n
1392~155~4,0100.600.000.a
1393~212~6.400,0101.400.100.a
1392~187~8.400,0102.400.000.n
1393~145~1.400,0103.400.001.n
1393~225~3.400,0104.400.000.n
1393~263~14.400,0105.400.000.n
1393~270~6.400,0106.400.010.n
1392~163~5,0107.400.000.n
1392~86~3,0108.600.000.n
1393~220~1,0109.600.000.n
1393~262~1.400,0110.400.000.n
1392~122~2.600,0111.600.000.n
1392~132~11,0112.600.100.s
1393~155~5.400,0113.400.000.n
1392~148~2.600,0114.600.000.n
1393~269~5,0115.600.001.n
1393~141~2.400,0116.400.000.n
1392~92~11,0117.600.100.b
1393~296~1.400,0118.400.000.n
1392~64~7.1,0119.400.000.n
1392~191~4,0120.600.110.n
1393~145~9.400,0121.400.100.n
1392~141~6.400,0122.400.000.s
1393~262~11,0123.600.000.n
1393~282~10,0124.600.000.l
1393~263~13,0125.600.000.n
1392~81~8.1,0126.600.000.n
1393~132~1,0127.600.000.n
1392~153~3,0128.400.000.n
1393~282~11,0129.600.000.n
1393~178~4.400,0130.400.001.n
1393~156~3,0131.600.000.s
1392~137~7.400,0132.400.100.n
1393~113~4,0133.600.101.s
1393~277~2,0134.600.000.n
1393~109~6.400,0135.400.000.n
1392~141~3.400,0136.400.000.s
1392~132~7.400,0137.400.100.k
1392~126~401,0138.600.000.n
1393~275~3.400,0139.400.000.n
1393~109~3,0140.600.000.n
1393~289~7.400,0141.400.100.a
1392~220~4,0142.600.000.n
1393~214~1.400,0143.400.000.n
1393~297~2.400,0144.400.000.b
1393~141~4,0145.600.000.n
1393~102~6.400,0146.400.000.k
1392~169~3.400,0147.400.000.n
1392~191~1,0148.600.000.n
1392~156~5,0149.400.000.n
1393~127~6.400,0150.400.101.b
1393~277~9,0151.600.000.n
1392~132~10,0152.600.000.n
1393~135~9.400,0153.400.000.s
1393~263~1.400,0154.400.000.n
1392~147~1.600,0155.600.000.n
1393~289~3.400,0156.400.000.n
1392~215~8.400,0157.400.000.n
1393~127~4,0158.600.110.a
1392~132~9,0159.600.100.s
1393~135~3,0160.600.000.s
1392~187~8,0161.600.000.n
1392~132~11.400,0162.400.100.s
1392~155~2,0163.600.010.n
1393~290~6,0164.600.000.n
1393~303~2.400,0165.400.101.n
1393~178~1.1,0166.600.000.s
1393~156~2,0167.600.000.n
1392~187~3,0168.600.000.n
1393~218~3.400,0169.400.001.n
1392~215~4,0170.600.100.n
1393~177~3,0171.600.000.n
1392~205~4.400,0172.400.000.n
1393~239~3.400,0173.400.000.n
1392~73~4,0174.600.000.b
1393~195~6,0175.600.000.n
1392~156~1,0176.400.000.n
1393~271~6,0177.600.000.n
1392~150~1.600,0178.600.000.n
1392~157~6,0179.400.000.n
1393~263~3.400,0180.400.000.n
1393~248~9,0181.600.000.n
1392~215~3.400,0182.400.000.n
1393~297~4.400,0183.400.000.n
1393~212~6,0184.600.100.a
1392~50~6-2,0185.400.010.k
1393~277~7,0186.600.100.n
1392~137~4,0187.600.100.n
1392~204~3,0188.600.000.k
1392~204~7,0189.600.111.a
1393~245~2,0190.600.000.n
1393~260~5,0191.600.100.n
1393~195~5,0192.600.000.n
1393~137~3,0193.600.110.k
1393~268~4,0194.600.000.n
1393~145~9,0195.600.100.n
1393~127~2.400,0196.400.111.b
1392~50~8,0197.400.011.n
1393~239~8.400,0198.400.000.n
1392~92~1.1,0199.400.000.b
1392~128~13,0200.600.000.n
1392~71~2,0201.600.110.b
1393~217~1.400,0202.400.100.n
1392~92~7,0203.600.000.b
1393~270~5.400,0204.400.010.n
1392~72~1.1,0205.600.000.n
1392~130~2.400,0206.400.100.s
1393~262~1,0207.600.000.n
1393~135~15,0208.600.100.s
1393~248~6.400,0209.400.000.n
1392~194~8.1,0210.600.110.n
1392~216~1,0211.600.100.n
1392~101~5.1,0212.600.000.n
1392~73~2,0213.600.010.b
1392~191~4.1,0214.600.000.n
1392~71~2.1,0215.600.110.b
1393~302~5.400,0216.400.000.n
1393~137~7,0217.600.000.n
1393~269~ivm-7.400,0218.400.000.n
1393~135~9,0219.600.100.s
1393~271~3.400,0220.400.000.n
1392~81~3.1,0221.600.110.k
1392~202~3.400,0222.400.000.n
1393~156~6.400,0223.400.000.n
1393~303~9.400,0224.400.100.b
1392~155~4.400,0225.400.000.a
1393~290~8,0226.600.100.n
1392~149~15,0227.400.000.n
1393~135~11.400,0228.400.000.s
1392~163~3.600,0229.600.000.a
1392~202~4,0230.600.100.s
1393~210~10.400,0231.400.000.n
1392~182~2,0232.600.000.n
1393~302~6,0233.600.000.n
1392~205~2,0234.600.100.s
1392~84~1.1,0235.600.110.n
1393~216~1,0236.600.100.s
1393~212~1,0237.600.000.n
1392~205~2.400,0238.400.100.s
1393~248~4,0239.600.000.n
1393~270~1,0240.600.000.n
1392~155~1.400,0241.400.100.b
1392~182~5.400,0242.400.100.n
1393~262~4.400,0243.400.000.n
1393~210~4,0244.600.000.n
1393~269~2.400,0245.400.001.n
1393~148~14.1,0246.600.000.a
1392~157~7,0247.400.000.n
1392~64~12.1,0248.400.010.a
1393~248~9.400,0249.400.000.n
1392~64~9.1,0250.400.000.n
1393~296~2.400,0251.400.100.s
1392~132~7,0252.600.100.k
1393~246~1,0253.600.000.n
1393~262~6,0254.600.100.s
1392~192~2,0255.600.000.n
1393~148~8.1,0256.600.010.b
1392~217~2.400,0257.400.000.n
1393~175~1.600,0258.600.000.n
1392~81~6,0259.600.011.k
1392~64~15,0260.400.000.n
1393~202~5.400,0261.400.000.s
1392~54~2,0262.400.010.n
1392~64~18.1,0263.400.000.a
1393~145~8.400,0264.400.000.n
1393~260~5.400,0265.400.100.n
1392~130~8.1,0266.600.110.n
1393~297~1,0267.600.000.k
1393~239~2,0268.600.000.n
1393~141~6,0269.600.000.n
1392~193~7,0270.600.010.n
1392~191~6.1,0271.600.000.n
1393~268~6.400,0272.400.100.n
1393~182~2,0273.600.000.n
1392~147~5,0274.400.000.n
1392~101~1.1,0275.600.000.b
1393~179~3.400,0276.400.000.k
1393~277~6,0277.600.000.n
1393~263~9,0278.600.000.n
1393~144~5.400,0279.400.000.n
1393~210~4.400,0280.400.000.n
1393~135~14.400,0281.400.100.s
1392~149~16,0282.400.010.n
1393~155~2.400,0283.400.000.n
1392~54~9,0284.400.101.n
1393~297~1.400,0285.400.000.k
1392~220~1.400,0286.400.100.n
1392~81~6.1,0287.600.011.k
1393~155~1,0288.600.000.n
1392~157~6.600,0289.600.000.n
1393~137~2,0290.600.000.n
1393~271~1.400,0291.400.000.n
1392~139~8.1,0292.600.110.n
1393~144~7,0293.600.100.n
1393~141~1,0294.600.000.n
1393~271~3,0295.600.000.n
1393~135~5.400,0296.400.100.l
1393~132~4,0297.600.000.n
1393~157~1,0298.600.000.n
1392~64~17,0299.400.000.a
1393~282~6,0300.600.000.n
1393~302~5,0301.600.000.n
1393~144~6,0302.600.000.n
1393~214~7.400,0303.400.000.n
1393~113~1,0304.600.100.s
1392~204~4.400,0305.400.110.n
1393~214~4.400,0306.400.000.n
1392~126~1,0307.600.110.n
1393~109~2.400,0308.400.000.n
1393~113~5.400,0309.400.100.s
1393~282~7,0310.600.101.n
1393~163~1,0311.600.000.n
1392~217~4.400,0312.400.000.n
1392~71~1.2,0313.600.010.b
1392~193~4.400,0314.400.000.n
1392~137~9.400,0315.400.110.k
1393~155~6,0316.600.000.n
1392~101~6,0317.400.000.k
1392~64~15.1,0318.400.000.n
1393~140~6.400,0319.400.000.k
1393~135~10.1,0320.600.000.s
1393~178~6.400,0321.400.000.s
1393~148~16,0322.600.000.n
1393~113~2,0323.600.101.s
1393~239~10.400,0324.400.000.n
1393~135~3.400,0325.400.000.s
1393~179~1.400,0326.400.000.n
1393~135~1,0327.600.000.s
1392~50~6-1,0328.400.010.k
1392~202~4.400,0329.400.100.s
1392~54~4,0330.400.000.k
1393~285~3,0331.600.010.n
1392~81~4,0332.600.000.k
1392~193~1.400,0333.400.000.n
1393~155~1.400,0334.400.000.n
1393~127~5,0335.600.100.n
1392~84~2,0336.600.110.a
1393~137~2.400,0337.400.000.n
1392~101~2,0338.600.000.n
1392~130~12,0339.600.110.k
1392~150~2.600,0340.600.000.s
1392~192~4.400,0341.400.000.n
1393~260~3,0342.600.000.n
1392~73~3.1,0343.600.000.b
1392~130~3,0344.600.110.k
1393~144~6.1,0345.600.000.n
1393~145~9.1,0346.600.100.n
1392~137~4.400,0347.400.100.n
1392~205~3.400,0348.400.000.a
1393~210~6,0349.600.000.n
1393~145~6.400,0350.400.100.n
1393~202~4.400,0351.400.000.n
1392~193~8.1,0352.600.000.s
1392~128~7,0353.600.000.n
1392~149~10,0354.400.000.n
1392~128~4,0355.400.000.n
1392~194~1,0356.600.000.n
1393~109~5.400,0357.400.000.n
1393~269~1.400,0358.400.000.n
1392~130~2.1,0359.600.100.s
1393~178~5.400,0360.400.000.n
1393~220~4.400,0361.400.100.n
1393~277~8,0362.600.100.n
1393~132~5,0363.600.000.n
1393~127~3.400,0364.400.101.k
1393~145~2,0365.600.000.n
1392~122~1,0366.400.000.n
1393~214~8,0367.600.000.n
1392~217~5.400,0368.400.010.n
1392~187~13.400,0369.400.000.n
1392~130~1,0370.600.010.a
1393~239~9.400,0371.400.000.n
1392~194~3,0372.600.110.b
1393~218~1.400,0373.400.000.n
1393~109~1,0374.600.000.n
1392~193~3.400,0375.400.100.s
1393~275~6,0376.600.000.n
1392~147~2.600,0377.600.000.n
1392~193~2.1,0378.600.110.n
1392~132~1.400,0379.400.110.n
1392~64~11.1,0380.400.000.n
1393~225~3,0381.600.000.n
1392~128~12,0382.600.000.n
1393~270~4,0383.600.110.k
1393~202~1.400,0384.400.000.n
1393~210~3.400,0385.400.100.n
1392~182~8.400,0386.400.000.n
1393~289~5,0387.600.000.n
1393~269~4.400,0388.400.101.a
1393~202~3.400,0389.400.000.s
1392~64~16,0390.400.000.n
1393~282~3,0391.600.000.n
1393~148~2,0392.600.100.n
1392~72~1,0393.600.000.n
1393~178~9.1,0394.600.000.s
1393~246~3.400,0395.400.000.n
1392~128~10.400,0396.400.000.b
1393~262~9,0397.600.100.s
1393~178~4,0398.600.001.n
1392~191~7.1,0399.600.000.n
1392~223~4,0400.600.010.n
1392~157~5.600,0401.600.000.n
1393~270~6,0402.600.010.n
1392~64~14.1,0403.400.000.n
1392~220~2.400,0404.400.000.n
1393~162~1.400,0405.400.000.n
1393~220~5.400,0406.400.000.n
1392~187~5.1,0407.600.000.n
1393~140~4,0408.600.000.n
1392~126~2.400,0409.400.110.b
1393~148~15.400,0410.400.000.n
1392~128~10,0411.600.000.b
1392~193~4,0412.600.000.n
1393~195~6.400,0413.400.000.n
1392~126~4.400,0414.400.010.n
1392~187~14,0415.600.000.n
1393~210~9,0416.600.000.n
1392~51~1,0417.400.010.n
1392~107~2,0418.600.110.n
1393~285~1.400,0419.400.000.n
1392~137~10.400,0420.400.010.n
1393~275~7,0421.600.000.n
1393~270~5,0422.600.010.n
1392~141~1.400 (2),0423.400.000.n
1392~155~7,0424.600.010.b
1393~269~3,0425.600.100.n
1392~220~1.1,0426.600.000.n
1393~102~2.1,0427.600.101.n
1392~139~5,0428.600.000.s
1393~269~ivm-7,0429.600.000.n
1393~302~3,0430.600.000.n
1392~182~8.1,0431.600.000.n
1392~155~2.400,0432.400.010.n
1393~142~2.400,0433.400.000.n
1393~102~6,0434.600.000.k
1393~248~7.400,0435.400.100.s
1393~245~1,0436.600.000.n
1392~81~5.400,0437.400.111.a
1392~155~6.400,0438.400.100.b
1393~148~6,0439.600.000.n
1392~215~6.400,0440.400.000.n
1393~102~5.400,0441.400.011.n
1393~179~2,0442.600.000.n
1392~126~3,0443.600.000.n
1393~156~4,0444.600.000.n
1392~84~4,0445.600.000.b
1393~156~6,0446.600.000.n
1392~54~7,0447.400.100.a
1393~296~3,0448.600.000.n
1393~210~12,0449.600.000.n
1393~171~8,0450.600.000.n
1392~204~7.400,0451.400.111.a
1392~169~4.400,0452.400.000.k
1392~137~1.400,0453.400.110.n
1393~179~7.400,0454.400.100.n
1392~132~6,0455.400.110.n
1392~194~3.400,0456.400.110.b
1392~64~22.1,0457.400.000.n
1393~202~6,0458.600.000.n
1393~127~1.1,0459.600.100.a
1393~245~1.400,0460.400.000.n
1393~171~1,0461.600.000.n
1392~101~4.1.1,0462.600.110.b
1393~248~5,0463.600.100.n
1393~195~1.400,0464.400.000.n
1393~135~10.400,0465.400.000.s
1393~220~3.400,0466.400.000.n
1393~171~3.400,0467.400.000.n
1392~130~1.400,0468.400.010.a
1393~132~2.400,0469.400.000.n
1393~270~1.400,0470.400.000.n
1393~171~1.400,0471.400.000.n
1393~220~3,0472.600.000.n
1393~290~10,0473.600.100.k
1392~153~3.600,0474.600.000.n
1393~248~7,0475.600.100.s
1393~140~6,0476.600.000.k
1393~263~4,0477.600.000.n
1393~278~2,0478.600.000.n
1392~73~1.1,0479.600.010.n
1392~64~8.1,0480.400.110.a
1392~169~1,0481.600.000.n
1392~128~6,0482.400.110.b
1393~145~4,0483.600.000.n
1393~177~2.400,0484.400.000.n
1392~187~4,0485.600.000.n
1392~169~4,0486.600.010.k
1392~149~15.600,0487.600.000.n
1392~71~1.1,0488.600.010.b
1392~139~3,0489.600.100.k
1392~81~5,0490.600.111.a
1392~187~1.400,0491.400.000.n
1393~144~2.400,0492.400.000.n
1392~81~7.1,0493.600.000.n
1393~303~4.400,0494.400.100.s
1392~130~8,0495.600.000.n
1393~297~7.400,0496.400.000.b
1393~141~6.400,0497.400.000.n
1392~137~14,0498.600.000.n
1393~275~3,0499.600.000.n
1393~282~12,0500.600.000.n
1393~271~1,0501.600.000.n
1393~210~14,0502.600.000.n
1393~212~3,0503.600.000.n
1392~107~7,0504.600.000.n
1393~145~6,0505.600.100.n
1393~140~3,0506.600.000.n
1393~109~8.400,0507.400.010.a
1393~140~5,0508.600.000.n
1392~204~3.1,0509.600.110.k
1392~53~4,0510.400.000.n
1393~248~1,0511.600.000.n
1392~149~17.600,0512.600.100.n
1393~148~15.1,0513.600.000.n
1393~262~5.400,0514.400.000.n
1392~64~23,0515.400.100.b
1393~239~4,0516.600.000.n
1392~194~4,0517.600.000.n
1392~149~11,0518.400.010.n
1393~268~3.400,0519.400.000.n
1393~290~2,0520.600.100.n
1393~156~1,0521.600.000.s
1392~150~1,0522.400.000.n
1393~155~2,0523.600.000.n
1393~290~1.400,0524.400.100.n
1392~107~5.1,0525.400.000.n
1393~246~4,0526.600.000.n
1393~179~4.400,0527.400.000.n
1393~148~14.400,0528.400.000.a
1392~52~5,0529.400.000.b
1392~191~6.400,0530.400.000.n
1392~187~3.400,0531.400.000.n
1393~168~2.400,0532.400.000.n
1392~71~3,0533.600.010.b
1392~187~6,0534.600.010.n
1392~107~6,0535.600.000.k
1393~144~6.400,0536.400.000.n
1392~205~1.400,0537.400.000.n
1392~84~9,0538.600.110.n
1393~278~3,0539.600.000.n
1392~217~5,0540.600.010.n
1393~178~1,0541.600.000.s
1392~169~3.1,0542.600.000.n
1393~135~12,0543.600.000.n
1392~52~6,0544.400.010.b
1392~223~3.400,0545.400.010.n
1392~141~4.1,0546.600.110.s
1392~170~1,0547.600.000.n
1392~220~4.400,0548.400.000.n
1392~137~5,0549.600.000.n
1392~149~11.600,0550.600.010.n
1392~149~18.600,0551.600.000.s
1392~192~1.400,0552.400.100.n
1392~128~13.400,0553.400.000.n
1392~141~1,0554.600.000.n
1393~182~2.400,0555.400.010.n
1392~187~5,0556.600.000.n
1393~187~1.400,0557.400.000.n
1392~163~1,0558.400.000.n
1392~64~8,0559.400.000.a
1393~296~1,0560.600.000.n
1392~182~4,0561.600.000.s
1393~127~6,0562.600.101.b
1392~128~11.1,0563.600.110.n
1392~137~1,0564.600.110.n
1393~245~4.400,0565.400.000.n
1392~223~5,0566.600.110.n
1393~289~2.400,0567.400.100.s
1393~148~9.400,0568.400.000.b
1393~148~9,0569.600.000.b
1393~140~6.1,0570.600.000.k
1392~84~10,0571.600.000.n
1392~215~6,0572.600.000.n
1392~139~7.400,0573.400.000.n
1393~303~5,0574.600.110.n
1392~84~5,0575.600.110.a
1393~220~2,0576.600.000.n
1393~135~10,0577.600.000.s
1392~182~3.400,0578.400.000.n
1393~260~3.400,0579.400.000.n
1393~148~15,0580.600.000.n
1392~126~3.40,0581.400.000.n
1392~137~13,0582.600.100.n
1393~145~2.400,0583.400.000.n
1393~127~5.400,0584.400.100.n
1393~179~1,0585.600.000.n
1392~215~5.400,0586.400.000.n
1393~275~1.400,0587.400.100.n
1392~149~7.600,0588.600.000.n
1392~157~1.600,0589.600.100.s
1393~145~5.400,0590.400.100.a
1392~194~7.400,0591.400.100.b
1393~178~2,0592.600.001.s
1392~137~15,0593.600.000.s
1393~225~1.400,0594.400.000.n
1393~132~1.400,0595.400.000.n
1392~194~4.400,0596.400.110.n
1393~271~6.400,0597.400.000.n
1393~263~10,0598.600.000.n
1392~217~1.400,0599.400.100.s
1393~263~13.400,0600.400.000.n
1393~135~11,0601.600.000.s
1393~195~3.400,0602.400.000.n
1393~102~1,0603.600.110.n
1392~53~1,0604.400.010.b
1393~263~11,0605.600.100.n
1392~50~6,0606.400.110.k
1392~157~2.600,0607.600.000.s
1392~153~1,0608.400.100.n
1393~113~3,0609.600.101.s
1393~214~1,0610.600.000.n
1393~127~3,0611.600.101.k
1392~156~2,0612.400.110.a
1393~156~7.400,0613.400.000.n
1392~54~5,0614.400.110.s
1392~192~4,0615.600.000.n
1393~177~2,0616.600.000.n
1393~263~14,0617.600.000.n
1392~126~4,0618.600.010.n
1393~144~4,0619.600.000.n
1392~141~2,0620.600.000.n
1393~238~4.400,0621.400.000.n
1392~191~5.400,0622.400.000.n
1393~276~1.1,0623.600.000.n
1392~193~1,0624.600.000.n
1393~148~4.400,0625.400.000.n
1392~204~3.400,0626.400.000.k
1393~225~1,0627.600.000.n
1392~149~18,0628.400.000.s
1393~202~6.400,0629.400.000.n
1393~297~6,0630.600.000.k
1392~139~8,0631.600.000.n
1392~182~1.400,0632.400.100.n
1392~132~10.400,0633.400.000.n
1393~270~7,0634.600.000.n
1392~130~2,0635.600.100.s
1392~51~3,0636.400.111.n
1393~277~10,0637.600.000.n
1393~303~9,0638.600.100.b
1392~216~1.400,0639.400.100.n
1393~303~4,0640.600.000.s
1392~182~6.400,0641.400.001.n
1393~142~1.400,0642.400.000.n
1393~145~7,0643.600.000.n
1393~282~2,0644.600.000.n
1393~148~16.400,0645.400.000.n
1392~54~3-1,0646.400.010.n
1393~262~2,0647.600.000.n
1393~148~4,0648.600.000.n
1392~149~4.600,0649.600.000.n
1393~297~6.400,0650.400.000.k
1393~214~6,0651.600.000.n
1392~149~16.600,0652.600.010.n
1393~142~1,0653.600.000.n
1392~223~8,0654.600.010.n
1393~275~1,0655.600.100.n
1392~51~7,0656.400.000.n
1392~215~1,0657.600.000.b
1392~107~3,0658.600.000.b
1392~72~2,0659.600.100.b
1393~127~2,0660.600.111.b
1392~149~3.600,0661.600.000.n
1392~64~4,0662.400.110.n
1393~171~7.,0663.600.000.n
1392~84~3,0664.600.010.s
1393~214~8.400,0665.400.000.n
1393~148~2.400,0666.400.100.n
1393~148~11,0667.600.001.n
1393~297~8,0668.600.100.n
1392~81~9.400,0669.400.110.n
1393~182~4.400,0670.400.000.n
1392~194~5,0671.600.000.n
1393~282~13,0672.600.000.n
1392~191~6.3,0673.600.000.n
1393~245~3,0674.600.000.n
1392~204~9,0675.600.000.b
1392~139~2,0676.600.000.a
1393~263~4.400,0677.400.000.n
1392~187~12.400,0678.400.110.n
1392~53~5,0679.400.010.n
1392~163~4.600,0680.600.000.n
1392~223~4.400,0681.400.010.n
1393~156~2.400,0682.400.000.n
1393~262~10,0683.600.010.k
1392~193~5.400,0684.400.110.n
1393~217~2.400,0685.400.100.n
1393~148~16.1,0686.600.000.n
1393~144~1,0687.600.000.n
1392~64~7,0688.400.000.n
1393~144~8,0689.600.000.n
1392~126~5,0690.600.100.n
1393~248~2.400,0691.400.100.n
1392~122~1.600,0692.600.000.n
1393~137~4.400,0693.400.010.n
1393~303~7,0694.600.000.n
1393~109~4,0695.600.100.n
1393~239~1.400,0696.400.000.n
1393~179~5.400,0697.400.000.n
1393~177~1.400,0698.400.000.n
1392~220~2,0699.600.000.n
1393~144~2,0700.600.000.n
1393~245~3.400,0701.400.000.n
1392~204~9.400,0702.400.000.b
1393~145~5,0703.600.100.a
1392~202~1,0704.600.000.n
1392~132~5,0705.600.100.n
1393~137~7.1,0706.600.000.n
1393~282~5,0707.600.000.n
1393~210~10,0708.600.000.n
1393~102~3.400,0709.400.101.n
1392~149~5,0710.400.000.n
1393~109~8.1,0711.600.010.a
1392~223~9,0712.600.000.n
1393~102~5,0713.600.011.n
1393~148~13.400,0714.400.100.n
1392~191~3,0715.600.100.b
1392~52~3,0716.400.110.b
1393~179~6.400,0717.400.000.s
1393~238~1.400,0718.400.000.n
1392~191~5.1,0719.600.000.n
1392~156~3,0720.400.000.b
1393~163~3.400,0721.400.000.n
1393~278~5,0722.600.000.n
1392~92~10.1,0723.400.100.n
1393~195~2.400,0724.400.000.n
1392~191~1.1,0725.600.010.n
1393~239~3,0726.600.000.n
1393~239~7,0727.600.000.n
1392~64~18,0728.400.000.a
1392~132~8.400,0729.400.000.k
1393~303~6,0730.600.000.n
1392~187~14.400,0731.400.000.n
1392~137~7,0732.600.100.n
1392~182~3,0733.600.000.n
1393~303~1.400,0734.400.000.n
1392~51~7[1,0735.400.010.k
1392~157~3.600,0736.600.000.n
1392~220~3,0737.600.000.n
1392~53~6,0738.400.100.b
1393~270~8,0739.600.000.n
1392~132~3,0740.600.010.n
1392~71~4,0741.600.000.n
1393~262~7.400,0742.400.000.n
1393~218~2.400,0743.400.000.n
1392~72~2.1,0744.600.100.b
1393~239~7.400,0745.400.000.n
1392~215~6.1,0746.600.000.n
1392~54~10,0747.400.000.n
1392~137~3,0748.600.010.n
1392~187~1.1,0749.600.000.n
1393~171~4,0750.600.000.a
1392~64~4.1,0751.400.000.n
1393~212~1.400,0752.400.000.n
1392~149~2,0753.400.101.n
1392~223~6.400,0754.400.110.n
1393~302~4,0755.600.000.n
1393~178~5,0756.600.000.n
1392~171~1,0757.600.100.n
1392~73~6,0758.600.110.b
1392~107~4,0759.600.000.b
1393~182~1.400,0760.400.000.n
1392~215~7,0761.600.000.n
1392~204~4,0762.600.010.n
1392~92~3,0763.600.000.b
1392~223~9.400,0764.400.000.n
1393~285~4,0765.600.100.n
1392~193~7.1,0766.600.010.n
1392~137~5.400,0767.400.000.n
1392~147~1,0768.400.000.n
1392~171~1.400,0769.400.100.n
1392~54~3,0770.400.010.n
1392~81~9,0771.600.110.n
1392~50~7,0772.400.000.n
1393~278~4,0773.600.100.s
1392~92~3.1,0774.400.000.b
1393~297~5.400,0775.400.000.n
1393~135~16,0776.600.100.s
1392~54~7.1,0777.400.101.a
1392~51~2,0778.400.000.n
1393~187~1,0779.600.000.n
1393~282~15,0780.600.000.n
1392~221~1,0781.600.000.n
1393~171~4.400,0782.400.000.a
1392~221~3,0783.600.000.n
1393~178~8,0784.600.000.s
1392~169~1.400,0785.400.000.n
1392~64~9,0786.400.000.n
1393~171~5.400,0787.400.001.n
1393~132~3.400,0788.400.000.n
1393~141~1.1,0789.600.000.n
1393~263~12,0790.600.100.s
1393~156~8,0791.600.000.n
1392~149~3,0792.400.000.n
1392~73~5,0793.600.010.b
1392~73~3,0794.600.000.b
1393~102~2.400,0795.400.101.n
1392~137~6,0796.600.010.n
1392~130~5,0797.600.010.b
1392~187~12,0798.600.110.n
1392~64~11,0799.400.010.n
1393~290~9,0800.600.100.n
1393~262~7,0801.600.000.n
1393~290~1,0802.600.100.n
1393~148~2.1,0803.600.100.n
1393~210~6.400,0804.400.000.n
1392~223~7.400,0805.400.010.n
1392~156~4,0806.400.000.n
1392~182~2.1,0807.600.010.n
1393~248~2,0808.600.100.n
1393~291~2,0809.600.100.n
1393~109~6,0810.600.000.n
1393~113~3.400,0811.400.101.s
1393~163~2,0812.600.000.n
1393~177~3.400,0813.400.000.n
1393~246~3,0814.600.000.n
1392~157~7.600,0815.600.000.n
1393~220~4,0816.600.100.n
1392~191~7.400,0817.400.000.n
1392~150~2,0818.400.000.s
1393~262~2.400,0819.400.000.n
1392~205~4.1,0820.600.000.n
1392~217~1,0821.600.100.s
1393~148~10.1,0822.600.000.n
1392~187~9.400,0823.400.000.n
1392~204~2,0824.600.100.s
1393~212~5,0825.600.000.n
1392~132~8,0826.600.000.k
1393~262~12,0827.600.100.s
1393~214~3,0828.600.000.n
1393~260~4,0829.600.000.n
1392~81~9.1,0830.600.000.n
1393~218~2,0831.600.000.n
1393~225~4.400,0832.400.100.a
1393~212~3.400,0833.400.000.n
1393~212~5.400,0834.400.000.n
1393~289~3,0835.600.000.n
1392~64~8.2,0836.400.110.a
1393~179~5,0837.600.000.n
1392~163~2.600,0838.600.000.n
1392~84~8,0839.600.010.k
1392~149~9,0840.400.100.n
1392~73~6.1,0841.600.110.b
1392~139~9.400,0842.400.000.n
1393~285~3.400,0843.400.010.n
1392~81~8,0844.600.000.n
1392~141~1.400,0845.400.000.n
1392~193~2,0846.600.000.n
1393~248~1.400,0847.400.000.n
1393~271~4,0848.600.000.n
1393~140~4.400,0849.400.000.n
1392~132~4,0850.600.100.n
1392~194~8.400,0851.400.100.n
1393~262~4,0852.600.000.n
1393~270~2.400,0853.400.000.n
1393~275~11,0854.600.000.n
1393~144~7.400,0855.400.100.n
1393~291~4,0856.600.000.n
1393~129~1,0857.600.100.a
1392~148~1.600,0858.600.000.n
1393~263~9.400,0859.400.000.n
1393~179~4,0860.600.000.n
1393~156~8.400,0861.400.000.n
1393~239~5,0862.600.000.n
1393~268~1.400,0863.400.100.n
1392~215~9.400,0864.400.000.k
1392~193~5,0865.600.110.n
1393~217~3,0866.600.100.n
1392~215~1.400,0867.400.000.b
1393~202~5,0868.600.000.s
1392~150~5.600,0869.600.100.s
1392~217~2,0870.600.000.n
1392~147~3.600,0871.600.100.b
1392~81~2.400,0872.400.110.b
1393~102~3,0873.600.101.n
1393~239~11,0874.600.100.n
1392~132~2.400,0875.400.010.n
1393~210~1,0876.600.000.n
1393~163~1.400,0877.400.000.n
1393~303~10,0878.600.100.b
1392~194~7,0879.600.110.b
1393~271~5,0880.600.000.n
1393~263~17.400,0881.400.000.n
1393~210~3,0882.600.100.n
1392~132~12,0883.600.100.s
1393~171~6,0884.600.000.a
1393~137~5.400,0885.400.100.n
1392~155~5.400,0886.400.100.b
1392~84~7,0887.600.110.n
1392~187~11,0888.600.011.k
1393~135~7,0889.600.000.s
1393~260~1.400,0890.400.000.n
1392~64~13.1,0891.400.010.b
1393~302~2.400,0892.400.100.s
1393~262~9.400,0893.400.100.s
1393~263~5,0894.600.000.n
1392~149~1.600,0895.600.000.k
1393~285~2,0896.600.110.n
1393~145~1,0897.600.001.n
1393~179~7,0898.600.100.n
1393~142~2,0899.600.000.n
1393~137~6.400,0900.400.000.n
1392~128~2.400,0901.400.100.b
1393~282~4,0902.600.000.n
1393~148~1.400,0903.400.000.n
1393~275~9,0904.600.000.n
1392~64~20,0905.400.100.l
1393~195~5.400,0906.400.000.n
1392~132~1,0907.600.110.n
1392~141~5,0908.600.000.s
1393~171~7.400,0909.400.000.n
1392~139~8.400,0910.400.110.n
1393~245~4,0911.600.000.n
1392~132~2,0912.600.010.n
1393~179~6,0913.600.000.s
1392~149~6,0914.400.000.n
1392~81~10,0915.600.001.n
1392~215~3,0916.600.000.n
1393~148~3,0917.600.000.n
1393~290~11,0918.600.000.n
1392~132~12.400,0919.400.100.s
1392~139~1,0920.600.100.n
1393~303~7.400,0921.400.000.n
1393~137~7.400,0922.400.000.n
1392~182~8,0923.600.010.n
1392~128~2,0924.600.100.b
1392~223~3,0925.600.010.n
1393~137~4,0926.600.010.n
1392~81~3,0927.600.000.k
1393~260~1,0928.600.000.n
1392~73~5.1,0929.600.010.b
1393~277~3,0930.600.000.n
1392~149~4,0931.400.000.n
1392~223~6,0932.600.110.n
1392~182~5,0933.600.100.n
1393~157~1.400,0934.400.000.n
1392~73~1,0935.600.010.n
1393~135~7.400,0936.400.000.s
1393~170~2.1,0937.600.000.n
1393~275~5,0938.600.000.n
1393~271~2,0939.600.000.b
1393~195~2,0940.600.000.n
1393~195~1,0941.600.000.n
1393~182~1,0942.600.000.n
1393~263~15,0943.600.000.n
1392~101~4,0944.400.010.b
1393~270~3.400,0945.400.100.n
1392~137~11,0946.600.000.s
1392~150~3,0947.400.000.s
1393~269~ivm-8.400,0948.400.000.n
1392~71~4.2,0949.600.000.n
1393~303~10.400,0950.400.100.b
1393~210~5.400,0951.400.000.n
1392~155~3,0952.600.000.n
1392~107~2.1,0953.400.110.n
1392~156~5.600,0954.600.000.n
1392~86~1.1,0955.600.000.n
1392~81~7,0956.600.000.n
1392~182~4.1,0957.600.000.s
1393~276~2,0958.600.000.n
1392~139~9,0959.600.000.n
1392~73~1.3,0960.600.010.n
1392~130~6,0961.600.110.n
1392~153~4,0962.400.000.b
1393~297~8.400,0963.400.100.n
1392~128~3.400,0964.400.100.b
1392~107~3.1,0965.400.000.b
1392~217~5.1,0966.600.010.n
1393~263~2,0967.600.100.k
1393~156~7,0968.600.000.n
1392~163~3,0969.400.000.a
1392~147~4,0970.400.100.b
1392~130~13,0971.600.010.n
1393~263~8.400,0972.400.000.n
1392~193~9.400,0973.400.000.n
1392~163~4,0974.400.000.n
1393~182~3.400,0975.400.000.n
1392~215~2,0976.600.000.n
1393~302~1,0977.600.000.n
1392~139~2.400,0978.400.000.a
1393~182~5.400,0979.400.000.n
1392~170~1.400,0980.400.000.n
1392~137~9,0981.600.110.k
1393~289~1.400,0982.400.100.a
1392~137~13.400,0983.400.100.n
1393~168~1,0984.600.000.n
1393~225~2,0985.600.000.b
1393~282~9,0986.600.000.n
1392~92~7.1,0987.400.000.b
1392~204~8.1,0988.600.000.k
1393~262~10.400,0989.400.010.k
1392~221~1.400,0990.400.000.n
1392~101~3.1,0991.600.000.b
1392~64~8.3,0992.400.110.a
1392~191~1.400,0993.400.000.n
1393~148~7,0994.600.000.n
1393~263~7,0995.600.000.n
1393~268~3,0996.600.000.n
1393~210~9.400,0997.400.000.n
1393~238~3,0998.600.000.n
1392~81~9.1.400,0999.400.000.n
1393~113~2.400,1000.400.101.s
1393~144~3,1001.600.000.n
1392~128~14,1002.400.000.n
1392~84~1,1003.600.110.n
1392~132~6.600,1004.600.100.n
1392~215~8,1005.600.000.n
1392~157~2,1006.400.000.s
1392~86~1,1007.600.000.n
1392~55~1,1008.400.000.n
1393~162~2,1009.600.000.n
1393~214~2,1010.600.100.b
1392~141~5.400,1011.400.000.s
1392~128~12.660,1012.600.000.n
1393~109~5,1013.600.000.n
1393~263~3,1014.600.000.n
1392~163~1.600,1015.600.000.n
1393~268~2.400,1016.400.100.n
1392~132~6.400,1017.400.110.n
1393~263~10. 400,1018.400.000.n
1393~140~5.400,1019.400.000.n
1392~50~1,1020.400.010.n
1393~270~3,1021.600.100.n
1392~141~2.400,1022.400.000.n
1392~149~12.600,1023.600.110.n
1392~107~7.1,1024.400.000.n
1393~140~2.400,1025.400.000.n
1392~64~1.1,1026.400.010.k
1392~187~1,1027.600.000.n
1392~202~3,1028.600.000.n
1393~135~5,1029.600.100.l
1392~187~7,1030.600.000.n
1393~162~2.400,1031.400.000.n
1393~144~4.400,1032.400.000.n
1393~178~9,1033.600.000.s
1393~277~5,1034.600.000.n
1393~141~3,1035.600.000.n
1393~210~5,1036.600.000.n
1392~157~4,1037.400.000.n
1393~148~8,1038.600.010.b
1392~139~7,1039.600.000.n
1393~263~18.400,1040.400.100.n
1393~102~4.400,1041.400.010.n
1393~239~6,1042.600.000.n
1392~193~6.400,1043.400.000.k
1393~210~11.400,1044.400.000.n
1393~275~8,1045.600.100.n
1392~101~4.1,1046.600.000.b
1393~214~2.400,1047.400.100.b
1393~260~2,1048.600.000.n
1393~155~4,1049.600.100.n
1393~275~10,1050.600.000.n
1393~178~7,1051.600.000.n
1393~285~2.400,1052.400.110.n
1392~193~10,1053.600.000.s
1393~212~2.400,1054.400.000.n
1392~223~7,1055.600.010.n
1393~156~5.400,1056.400.000.n
1392~92~1,1057.600.000.b
1392~101~2.1,1058.400.000.n
1392~92~5,1059.600.000.n
1393~129~3,1060.600.000.n
1393~291~1,1061.600.100.n
1393~140~2,1062.600.000.n
1393~109~1.400,1063.400.000.n
1393~144~3.1,1064.600.000.n
1392~192~1,1065.600.100.n
1393~210~7,1066.600.000.n
1392~169~3,1067.600.100.n
1393~129~3.400,1068.400.000.n
1392~64~16.1,1069.400.000.n
1393~168~1.400,1070.400.000.n
1393~290~7,1071.600.000.n
1393~285~1,1072.600.000.n
1393~289~5.400,1073.400.000.n
1392~220~1,1074.600.000.n
1393~303~1,1075.600.110.n
1393~248~3.400,1076.400.000.n
1392~101~7,1077.400.100.n
1393~238~2.400,1078.400.000.n
1392~147~4.600,1079.600.100.b
1392~155~6,1080.600.100.b
1393~148~14,1081.600.000.a
1393~246~1.400,1082.400.000.n
1392~92~6.1,1083.400.000.n
1393~210~8,1084.600.100.n
1392~101~3,1085.400.000.b
1393~289~6.400,1086.400.100.n
1393~277~4,1087.600.000.n
1393~289~1,1088.600.100.a
1392~157~4.600,1089.600.000.n
1392~148~3.600,1090.600.010.k
1392~51~4,1091.400.010.n
1392~149~1,1092.400.000.k
1392~215~9,1093.600.000.k
1392~137~3.400,1094.400.010.n
1392~163~2,1095.400.000.n
1392~81~8.400,1096.400.000.n
1393~263~8,1097.600.000.n
1393~263~2.400,1098.400.100.k
1393~248~4.400,1099.400.000.n
1392~81~3.400,1100.400.000.k
1392~92~5.1,1101.400.000.n
1393~178~6,1102.600.000.s
1392~187~11.400,1103.400.011.k
1392~132~3.400,1104.400.010.n
1393~297~7,1105.600.000.b
1393~269~4,1106.600.101.a
1392~157~5,1107.400.000.n
1393~271~4.400,1108.400.000.n
1392~50~4,1109.400.110.a
1393~212~4.400,1110.400.000.n
1393~263~16,1111.600.000.n
1392~150~5,1112.400.100.s
1392~182~1,1113.600.100.n
1392~221~2.400,1114.400.000.n
1392~223~1.400,1115.400.000.k
1393~155~7.400,1116.400.101.n
1392~204~2.400,1117.400.100.s
1392~187~4.1,1118.600.000.n
1393~262~8.400,1119.400.110.n
1392~205~3,1120.600.000.a
1392~81~6.400,1121.400.011.k
1393~135~4,1122.600.000.s
1393~102~2,1123.600.101.n
1392~147~3,1124.400.100.b
1393~289~7,1125.600.100.a
1392~221~2,1126.600.000.n
1393~195~7.400,1127.400.000.n
1393~202~4,1128.600.000.n
1393~263~11.400,1129.400.100.n
1393~289~6,1130.600.100.n
1393~239~2.400,1131.400.000.n
1393~148~10.400,1132.400.000.n
1393~109~3.400,1133.400.000.n
1392~194~6,1134.600.000.n
1392~92~2.2,1135.400.000.b
1393~135~8,1136.600.000.s
1393~135~8.400,1137.400.000.s
1393~275~4,1138.600.000.n
1392~187~2.400,1139.400.000.n
1392~149~5.600,1140.600.000.n
1392~169~2,1141.600.000.n
1392~182~7,1142.600.000.n
1393~302~1.400,1143.400.000.n
1392~64~10.1,1144.400.000.k
1393~260~3.1,1145.600.000.n
1393~178~3.400,1146.400.000.n
1393~144~1.400,1147.400.000.n
1392~50~5,1148.400.010.b
1393~137~3.400,1149.400.110.k
1393~135~15.400,1150.400.100.s
1392~157~1,1151.600.100.s
1392~187~6.400,1152.400.000.n
1393~260~4.400,1153.400.000.n
1393~262~3.400,1154.400.000.n
1392~149~9.600,1155.600.100.n
1392~156~3.600,1156.600.000.b
1393~171~2.400,1157.400.000.n
1393~269~5.400,1158.400.001.n
1392~128~11,1159.600.000.n
1393~170~2,1160.600.000.n
1393~262~3,1161.600.000.n
1393~216~1.400,1162.400.100.s
1393~282~8,1163.600.000.n
1393~271~5.400,1164.400.000.n
1393~268~2,1165.600.100.n
1392~141~3,1166.600.000.s
1393~156~5,1167.600.000.n
1392~92~10,1168.600.100.n
1392~153~4.600,1169.600.000.b
1392~220~4.1,1170.600.000.n
1393~218~3,1171.600.001.n
1392~139~4,1172.600.100.s
1392~153~2,1173.400.000.n
1393~296~4,1174.600.000.n
1392~191~4.400,1175.400.110.n
1393~109~9.400,1176.400.000.n
1393~148~5.400,1177.400.000.n
1393~263~7.400,1178.400.000.n
1393~214~5,1179.600.000.n
1392~141~4.400,1180.400.110.s
1392~194~4.1,1181.600.110.n
1393~202~2,1182.600.000.n
1393~175~2.600,1183.600.100.n
1392~53~3,1184.400.010.n
1392~137~2.400,1185.400.000.n
1393~278~1,1186.600.000.n
1393~129~1.400,1187.400.100.a
1393~303~3.400,1188.400.100.k
1392~128~9,1189.600.110.b
1392~126~5.400,1190.400.100.n
1393~132~5.400,1191.400.000.n
1392~137~12,1192.600.000.s
1393~263~6.400,1193.400.000.n
1393~268~6,1194.600.100.n
1392~169~1..2,1195.600.000.n
1392~122~2,1196.400.000.n
1392~187~2.1,1197.600.000.n
1392~194~6.400,1198.400.000.n
1392~193~8,1199.600.000.s
1392~205~4,1200.600.000.n
1392~148~1,1201.400.000.n
1393~297~5,1202.600.000.n
1392~150~3.600,1203.600.000.s
1393~277~1,1204.600.100.a
1392~64~5.1,1205.400.110.b
1393~248~6,1206.600.000.n
1393~170~1,1207.600.000.n
1393~135~12.400,1208.400.000.n
1393~239~1,1209.600.000.n
1393~155~5,1210.600.000.n
1393~141~5.400,1211.400.000.n
1392~149~13.600,1212.600.110.k
1392~81~3.1.400,1213.400.110.k
1393~225~4,1214.600.100.a
1392~52~4,1215.400.000.b
1393~238~2,1216.600.000.n
1393~239~10,1217.600.000.n
1393~145~8,1218.600.000.n
1393~214~5.400,1219.400.000.n
1393~135~6.400,1220.400.100.s
1392~194~1.400,1221.400.000.n
1392~217~4,1222.600.000.n
1393~225~2.400,1223.400.000.b
1392~193~6.1,1224.600.000.k
1393~210~7.400,1225.400.000.n
1393~148~5,1226.600.000.n
1393~296~2,1227.600.100.s
1392~187~5.400,1228.400.000.n
1392~221~3.400,1229.400.000.n
1393~155~3,1230.600.000.n
1393~297~4,1231.600.000.n
1392~149~7,1232.400.000.n
1392~53~3-1,1233.400.010.n
1393~282~3.1,1234.600.000.n
1393~175~2,1235.400.100.n
1392~107~5,1236.600.000.n
1393~109~4.400,1237.400.100.n
1392~84~6,1238.600.110.s
1392~193~5.1,1239.600.110.n
1393~140~3.400,1240.400.000.n
1393~178~2.400,1241.400.001.s
1393~170~2.400,1242.400.000.n
1393~275~2.400,1243.400.100.n
1392~130~11,1244.600.110.n
1393~239~8,1245.600.000.n
1392~132~9.400,1246.400.100.s
1393~290~4,1247.600.000.n
1393~268~1,1248.600.100.n
1393~210~14.400,1249.400.000.n
1393~178~3,1250.600.000.n
1393~263~17,1251.600.000.n
1392~187~10,1252.600.100.n
1392~137~12.400,1253.400.000.s
1392~191~3.400,1254.400.100.b
1393~163~3,1255.600.000.n
1393~210~2.400,1256.400.000.n
1392~107~1,1257.600.100.b
1393~155~3.400,1258.400.000.n
1393~202~3,1259.600.000.s
1393~289~4,1260.600.100.n
1393~145~7.400,1261.400.000.n
1392~149~8,1262.400.100.n
1393~168~2,1263.600.000.n
1393~144~5,1264.600.000.n
1393~210~13,1265.600.000.n
1393~177~4,1266.600.000.n
1393~145~3.400,1267.400.000.n
1393~289~4.400,1268.400.100.n
1392~53~2,1269.400.000.n
1392~139~4.400,1270.400.100.s
1392~223~1,1271.600.000.k
1393~290~3,1272.600.000.n
1392~128~3.,1273.600.100.b
1392~128~8,1274.600.100.n
1392~84~6.1,1275.600.110.s
1393~141~5,1276.600.000.n
1393~202~2.400,1277.400.000.n
1393~297~3,1278.600.000.n
1393~148~12.1,1279.600.000.n
1392~220~2.1,1280.600.010.n
1393~171~5,1281.600.001.n
1393~135~2,1282.600.100.s
1392~194~5.400,1283.400.000.n
1393~109~2,1284.600.000.n
1392~217~3.400,1285.400.000.n
1393~177~4.400,1286.400.000.n
1393~127~1,1287.600.100.a
1393~148~12,1288.600.000.n
1393~214~6.400,1289.400.000.n
1393~246~2,1290.600.000.n
1392~187~13,1291.600.000.n
1392~128~7.400,1292.400.000.n
1393~171~2,1293.600.000.n
1392~155~5,1294.600.100.b
1392~71~4.1,1295.600.110.n
1392~126~2,1296.600.110.b
1392~149~13,1297.400.110.k
1393~263~16.400,1298.400.000.n
1392~157~8.600,1299.600.000.n
1392~194~8,1300.600.110.n
1392~182~7.400,1301.400.000.n
1392~187~10.1,1302.600.010.n
1393~148~11.400,1303.400.001.n
1393~178~7.400,1304.400.000.n
1393~291~3,1305.600.100.n
1393~129~2,1306.600.000.b
1393~170~1.400,1307.400.000.n
1392~191~5,1308.600.000.n
1392~64~13,1309.400.010.b
1392~107~6.1,1310.400.000.k
1393~270~2,1311.600.000.n
1393~195~3,1312.600.000.n
1392~192~3,1313.600.000.n
1393~269~3.400,1314.400.100.n
1392~150~4.600,1315.600.100.s
1392~86~2,1316.600.000.n
1393~302~2,1317.600.100.s
1392~64~1.2,1318.400.110.k
1392~204~8.400,1319.400.110.k
1393~217~1,1320.600.100.n
1393~141~4.400,1321.400.000.n
1392~204~8,1322.600.110.k
1393~179~3,1323.600.000.k
1393~132~3,1324.600.000.n
1393~182~5,1325.600.000.n
1392~215~4.400,1326.400.100.n
1392~202~2,1327.600.000.n
1392~54~11,1328.400.110.a
1393~135~7.1,1329.600.000.s
1393~135~13.400,1330.400.100.k
1392~215~5,1331.600.000.n
1393~248~8,1332.600.000.n
1393~148~3.400,1333.400.000.n
1393~290~5,1334.600.000.n
1392~92~4.1,1335.400.101.b
1392~50~2,1336.400.000.n
1393~210~2,1337.600.000.n
1393~262~8,1338.600.110.n
1393~135~4.400,1339.400.000.s
1392~101~5,1340.400.000.n
1393~214~3.400,1341.400.000.n
1392~64~19,1342.400.000.n
1393~270~7.400,1343.400.000.n
1393~168~2.1,1344.600.000.n
1392~64~3.1,1345.400.100.k
1392~50~3,1346.400.000.n
1393~246~2.400,1347.400.000.n
1392~101~1,1348.400.000.s
1392~128~11.400,1349.400.100.n
1392~149~14,1350.400.000.n
1393~177~1,1351.600.000.n
1392~221~2.1,1352.600.000.n
1393~148~1,1353.600.000.n
1392~156~4.600,1354.600.000.n
1392~137~8.400,1355.400.000.n
1392~221~3.400 mmm,1356.400.000.n
1392~187~12.1,1357.600.110.n
1393~238~4,1358.600.000.n
1393~220~2.400,1359.400.000.n
1392~204~1,1360.600.110.k
1393~163~2.400,1361.400.000.n
1393~137~6,1362.600.000.n
1393~275~10.400,1363.400.000.n
1392~141~6,1364.600.000.s
1393~268~4.400,1365.400.000.n
1392~149~12,1366.400.100.n
1392~193~8.400,1367.400.000.s
1393~289~2,1368.600.100.s
1392~128~6.660,1369.600.110.b
1393~175~1,1370.400.000.n
1393~263~1,1371.600.000.n
1392~50~4-1,1372.400.100.a
1392~130~7,1373.600.110.k
1393~156~1.400,1374.400.000.s
1393~109~7,1375.600.000.n
1393~212~2,1376.600.000.n
1393~171~8.400,1377.400.000.n
1392~81~1,1378.600.000.n
1392~92~9.1,1379.400.000.b
1392~191~7,1380.600.000.n
1393~195~7,1381.600.000.n
1392~130~10,1382.600.110.n
1393~214~7,1383.600.000.n
1393~109~9,1384.600.000.n
1392~223~5.400,1385.400.110.n
1393~248~3,1386.600.000.n
1392~84~3.1,1387.600.010.s
1392~137~11.400,1388.400.000.s
1392~163~5.600,1389.600.000.n
1393~155~7,1390.600.101.n
1392~137~15.400,1391.400.000.s
1392~137~10,1392.600.010.n
1392~92~8,1393.600.000.b
1393~135~16.400,1394.400.100.s
1392~193~6,1395.600.000.k
1392~141~4,1396.600.000.s
1392~64~2,1397.400.000.a
1393~145~3,1398.600.000.n
1393~210~13.400,1399.400.000.n
1392~130~14,1400.600.110.n
1392~193~9,1401.600.000.n
1392~187~4.400,1402.400.000.n
1392~191~2.400,1403.400.100.n
1392~64~14,1404.400.000.n
1393~141~2,1405.600.000.n
1392~128~5.660,1406.600.000.b
1392~126~1.400,1407.400.110.n
1392~193~7.400,1408.400.010.n
1393~141~3.400,1409.400.000.n
1393~262~5,1410.600.000.n
1393~178~9.400,1411.400.000.s
1392~107~5.1.1,1412.600.000.n
1392~64~22,1413.400.000.n
1393~210~11,1414.600.000.n
1392~182~4.400,1415.400.000.s
1392~223~2,1416.600.000.n
1392~182~2.400,1417.400.000.n
1393~137~1.400,1418.400.000.n
1393~135~13,1419.600.100.k
1392~191~6,1420.600.000.n
1392~81~7.400,1421.400.000.n
1392~155~1,1422.600.100.b
1392~193~10.400,1423.400.000.s
1393~210~1.400,1424.400.000.n
1393~263~18,1425.600.100.n
1393~269~6,1426.600.001.n
1393~178~1.400,1427.400.000.s
1392~202~2.400,1428.400.000.n
1393~144~8.400,1429.400.000.n
1393~302~3.400,1430.400.000.n
1392~92~8.1,1431.400.000.b
1392~64~6,1432.400.000.n
1393~248~8.400,1433.400.000.n
1392~101~6.1,1434.600.000.k
1392~149~6.600,1435.600.000.n
1392~128~8.400,1436.400.100.n
1393~177~4.1,1437.600.000.n
1392~137~2,1438.600.000.n
1393~132~2,1439.600.000.n
1393~182~4,1440.600.000.n
1392~64~1,1441.400.110.k
1393~144~3.400,1442.400.000.n
1393~302~6.400,1443.400.000.n
1393~282~14,1444.600.000.n
1393~239~11.400,1445.400.100.n
1393~263~15.400,1446.400.000.n
1392~149~17,1447.400.100.n
1392~217~3,1448.600.000.n
1393~129~2.400,1449.400.000.b
1393~238~1,1450.600.000.n
1393~135~6,1451.600.100.s
1393~148~12.400,1452.400.000.n
1392~155~7.400,1453.400.010.b
1393~239~9,1454.600.000.n
1392~193~2.400,1455.400.000.n
1392~81~1.400,1456.400.000.n
1393~212~4,1457.600.000.n
1392~204~6,1458.600.000.n
1392~187~6.1,1459.600.000.n
1392~192~3.400,1460.400.000.n
1393~148~10.400.1,1461.400.000.n
1392~193~1.1,1462.600.000.n
1393~282~1,1463.600.000.n
1392~153~1.600,1464.600.000.n
1392~137~8,1465.600.000.n
1393~260~2.400,1466.400.000.n
1392~51~5,1467.400.000.a
1392~132~4.400,1468.400.100.n
1393~296~4.400,1469.400.000.n
1392~204~5,1470.600.001.a
1392~149~8.600,1471.600.100.n
1392~128~1.2,1472.600.000.b
1392~153~2.600,1473.600.000.n
1393~127~4.400,1474.400.110.a
1392~81~12,1475.600.110.l
1393~171~7,1476.600.000.n
1392~81~4.400,1477.400.000.k
1393~271~2.400,1478.400.000.b
1393~262~6.400,1479.400.100.s
1392~81~10.400,1480.400.001.n
1393~135~1.400,1481.400.000.s
1392~204~6.400,1482.400.000.n
1393~218~1,1483.600.000.n
1392~191~2,1484.600.100.n
1392~215~2.400,1485.400.000.n
1393~178~8.400,1486.400.000.s
1392~64~23.1,1487.400.110.b
1392~147~2,1488.400.000.n
1393~148~13,1489.600.100.n
1393~148~6.600,1490.600.000.n
1392~149~2.600,1491.600.101.n
1393~303~2,1492.600.101.n
1393~212~5.1,1493.600.000.n
1392~137~14.400,1494.400.110.n
1392~128~5,1495.400.000.b
1393~148~8.400,1496.400.010.b
1392~71~3.1,1497.600.010.b
1393~113~5,1498.600.100.s
1392~81~11,1499.600.000.s
1392~149~10.600,1500.600.000.n
1392~202~1.400,1501.400.000.n
1392~132~5.400,1502.400.100.n
1392~192~2.400,1503.400.000.n
1392~64~5,1504.400.100.b
1392~92~6,1505.600.000.n
1393~263~5.400,1506.400.000.n
1393~248~5.400,1507.400.100.n
1392~205~1,1508.600.000.n
1393~145~4.400,1509.400.000.n
1392~139~5.400,1510.400.000.s
1392~92~9,1511.600.000.b
1393~238~3.400,1512.400.000.n
1392~194~2,1513.600.110.n
1393~137~2.1,1514.600.000.n
1393~214~4,1515.600.000.n
1393~263~6,1516.600.000.n
1393~303~6.400,1517.400.000.n
1393~303~8.400,1518.400.001.n
1393~269~ivm-8,1519.600.000.n
1393~276~4,1520.600.000.n
1392~155~3.400,1521.400.000.n
1392~73~2.1,1522.600.010.b
1393~156~3.400,1523.400.000.s
1392~149~14.600,1524.600.000.n
1393~137~5,1525.600.100.n
1393~113~4.400,1526.400.101.s
1392~204~1.400,1527.400.110.k
1392~64~21,1528.400.000.n
1392~84~9.1,1529.600.010.n
1392~128~9.400,1530.400.110.b
1392~169~2.400,1531.400.000.n
1392~148~2,1532.600.000.n
1393~217~3.400,1533.400.100.n
1392~52~1,1534.400.000.n
1392~182~6,1535.600.001.n
1393~302~4.400,1536.400.000.n
1393~303~8,1537.600.001.n
1392~204~5.400,1538.400.001.a
1392~194~2.400,1539.400.100.n
1392~92~4,1540.600.101.b
