Sample,Prediction,Actual Class,Predicted Class,Truth
1,0.4063,1,0,False
2,0.002180105,0,0,True
3,0.9339299,1,1,True
4,0.6281382,1,1,True
5,0.07106888,0,0,True
6,0.028402664,0,0,True
7,0.90519285,1,1,True
8,0.22476567,0,0,True
9,0.03193489,0,0,True
10,0.012854656,0,0,True
11,0.10363978,0,0,True
12,0.13460577,0,0,True
13,0.74628186,1,1,True
14,0.017715193,0,0,True
15,0.7595498,1,1,True
16,0.00057286944,0,0,True
17,0.39402327,1,0,False
18,0.20842105,0,0,True
19,0.6436683,1,1,True
20,0.033460606,0,0,True
21,0.6202631,0,1,False
22,0.018455898,0,0,True
23,0.83505213,1,1,True
24,0.6753555,1,1,True
25,0.25093403,1,0,False
26,0.029538581,0,0,True
27,0.34408507,0,0,True
28,0.008264392,0,0,True
29,0.66786295,1,1,True
30,0.026970195,0,0,True
31,0.37680072,0,0,True
32,0.024857704,0,0,True
33,0.9609021,1,1,True
34,0.66861266,0,1,False
35,0.896377,1,1,True
36,0.0055089425,0,0,True
37,0.8905782,1,1,True
38,0.0019437021,0,0,True
39,0.3025935,0,0,True
40,0.24030694,0,0,True
41,0.2117281,1,0,False
42,0.5649931,0,1,False
43,0.03588865,0,0,True
44,0.47974676,1,0,False
45,0.20111154,0,0,True
46,0.32673877,0,0,True
47,0.030491365,0,0,True
48,0.0117826825,0,0,True
49,0.062078066,0,0,True
50,0.0065637114,0,0,True
51,0.13383567,0,0,True
52,0.038263146,0,0,True
53,0.7224291,1,1,True
54,0.07140737,0,0,True
55,0.3418687,0,0,True
56,0.0048085023,0,0,True
57,0.15128382,1,0,False
58,0.020842176,0,0,True
59,0.71529305,0,1,False
60,0.83077604,1,1,True
61,0.1441617,1,0,False
62,0.49021813,1,0,False
63,0.010558606,0,0,True
64,0.046186566,0,0,True
65,0.32794273,1,0,False
66,0.03330408,0,0,True
67,0.4491034,1,0,False
68,0.006494645,0,0,True
69,0.9219373,1,1,True
70,0.006802301,0,0,True
71,0.5803024,0,1,False
72,0.7923178,1,1,True
73,0.08346603,1,0,False
74,0.34072128,0,0,True
75,0.042166542,0,0,True
76,0.24207778,1,0,False
77,0.0015964533,0,0,True
78,0.024644418,0,0,True
79,0.6664368,1,1,True
80,0.060592193,0,0,True
81,0.57526135,0,1,False
82,0.09723166,1,0,False
83,0.82397825,1,1,True
84,0.7104424,1,1,True
85,0.66828763,1,1,True
86,0.8601773,1,1,True
87,0.018105162,0,0,True
88,0.092666976,0,0,True
89,0.7505186,1,1,True
90,0.0028808345,0,0,True
91,0.054710045,0,0,True
92,0.52665526,0,1,False
93,0.077380784,1,0,False
94,0.0071474602,0,0,True
95,0.003147197,0,0,True
96,0.12399557,0,0,True
97,0.017669475,0,0,True
98,0.035381593,0,0,True
99,0.75894964,1,1,True
100,0.002913556,0,0,True
101,0.8392668,1,1,True
102,0.33359176,0,0,True
103,0.011198309,0,0,True
104,0.0007117497,0,0,True
105,0.004087664,0,0,True
106,0.04269772,0,0,True
107,0.23758197,0,0,True
108,0.013965609,0,0,True
109,0.005722376,0,0,True
110,0.006511515,0,0,True
111,0.4020158,0,0,True
112,0.87220895,1,1,True
113,0.10542252,0,0,True
114,0.14566,0,0,True
115,0.09632413,0,0,True
116,0.030491717,0,0,True
117,0.5015712,1,1,True
118,0.004679246,0,0,True
119,0.057266347,0,0,True
120,0.79199004,1,1,True
121,0.7284788,1,1,True
122,0.5812437,0,1,False
123,0.08094643,0,0,True
124,0.28016666,0,0,True
125,0.09396296,0,0,True
126,0.24116954,0,0,True
127,0.003463825,0,0,True
128,0.12578186,0,0,True
129,0.14240828,0,0,True
130,0.53431565,0,1,False
131,0.30611786,0,0,True
132,0.26501587,1,0,False
133,0.69984734,1,1,True
134,0.23942792,0,0,True
135,0.007738478,0,0,True
136,0.04573602,0,0,True
137,0.95188355,1,1,True
138,0.013292825,0,0,True
139,0.62662935,0,1,False
140,0.0076908786,0,0,True
141,0.9081335,1,1,True
142,0.82396305,0,1,False
143,0.0057196203,0,0,True
144,0.40676722,0,0,True
145,0.23637329,0,0,True
146,0.14962703,0,0,True
147,0.22425534,0,0,True
148,0.0013753859,0,0,True
149,0.42635703,0,0,True
150,0.85230714,1,1,True
151,0.010472683,0,0,True
152,0.003311911,0,0,True
153,0.78181225,0,1,False
154,0.0012381114,0,0,True
155,0.14634271,0,0,True
156,0.021011734,0,0,True
157,0.02572185,0,0,True
158,0.96022445,1,1,True
159,0.3722887,1,0,False
160,0.26099125,0,0,True
161,0.5670417,0,1,False
162,0.9472692,1,1,True
163,0.260798,0,0,True
164,0.0207639,0,0,True
165,0.5590316,1,1,True
166,0.026068443,0,0,True
167,0.394366,0,0,True
168,0.024220088,0,0,True
169,0.004148686,0,0,True
170,0.55891687,1,1,True
171,0.022473603,0,0,True
172,0.009570521,0,0,True
173,0.0075397305,0,0,True
174,0.27040416,0,0,True
175,0.008883426,0,0,True
176,0.008190249,0,0,True
177,0.0078499,0,0,True
178,0.2856847,0,0,True
179,0.120365545,0,0,True
180,0.0020598273,0,0,True
181,0.020927811,0,0,True
182,0.5534942,0,1,False
183,0.0033589208,0,0,True
184,0.4700643,1,0,False
185,0.8690692,0,1,False
186,0.7060055,1,1,True
187,0.63879263,1,1,True
188,0.13848478,0,0,True
189,0.94619936,1,1,True
190,0.011480496,0,0,True
191,0.94912225,1,1,True
192,0.13241181,0,0,True
193,0.82194453,1,1,True
194,0.004400236,0,0,True
195,0.76560676,1,1,True
196,0.8623061,1,1,True
197,0.11037209,0,0,True
198,0.00032324443,0,0,True
199,0.6686423,0,1,False
200,0.26795724,0,0,True
201,0.53814214,1,1,True
202,0.53327805,1,1,True
203,0.017967766,0,0,True
204,0.022365643,0,0,True
205,0.023519859,0,0,True
206,0.8555315,1,1,True
207,0.0046992353,0,0,True
208,0.4689147,1,0,False
209,0.005431779,0,0,True
210,0.34521875,1,0,False
211,0.41651988,1,0,False
212,0.01019999,0,0,True
213,0.0892386,0,0,True
214,0.30332947,0,0,True
215,0.8904248,1,1,True
216,0.0052521005,0,0,True
217,0.27723163,0,0,True
218,0.009408878,0,0,True
219,0.77192813,1,1,True
220,0.053444285,0,0,True
221,0.13659355,1,0,False
222,0.35089636,0,0,True
223,0.010384541,0,0,True
224,0.87945455,1,1,True
225,0.0019163734,0,0,True
226,0.28480035,1,0,False
227,0.43802977,0,0,True
228,0.4116954,0,0,True
229,0.0032276516,0,0,True
230,0.3290822,1,0,False
231,0.027976902,0,0,True
232,0.58067524,0,1,False
233,0.07191938,0,0,True
234,0.26417285,1,0,False
235,0.43646982,1,0,False
236,0.8666416,1,1,True
237,0.058573734,0,0,True
238,0.21762195,1,0,False
239,0.015500861,0,0,True
240,0.053175732,0,0,True
241,0.59967834,1,1,True
242,0.81444204,1,1,True
243,0.0066899033,0,0,True
244,0.0015070029,0,0,True
245,0.016534146,0,0,True
246,0.7228007,0,1,False
247,0.0092293015,0,0,True
248,0.38216403,0,0,True
249,0.004913284,0,0,True
250,0.23030679,0,0,True
251,0.3398692,1,0,False
252,0.9314911,1,1,True
253,0.11249068,0,0,True
254,0.71363914,1,1,True
255,0.08774054,0,0,True
256,0.46832404,0,0,True
257,0.026015216,0,0,True
258,0.0017882115,0,0,True
259,0.4874351,0,0,True
260,0.26271242,0,0,True
261,0.0077409823,0,0,True
262,0.21916674,0,0,True
263,0.013996926,0,0,True
264,0.020569535,0,0,True
265,0.8586284,1,1,True
266,0.72076523,1,1,True
267,0.19774164,0,0,True
268,0.0042110924,0,0,True
269,0.024294926,0,0,True
270,0.072707206,0,0,True
271,0.0022241909,0,0,True
272,0.7473474,1,1,True
273,0.5362658,0,1,False
274,0.055630773,0,0,True
275,0.2829881,0,0,True
276,0.009393659,0,0,True
277,0.35082552,0,0,True
278,0.001325249,0,0,True
279,0.18265122,0,0,True
280,0.025051497,0,0,True
281,0.8077335,1,1,True
282,0.35091805,0,0,True
283,0.038436424,0,0,True
284,0.81974334,1,1,True
285,0.0063007334,0,0,True
286,0.51699233,1,1,True
287,0.2893509,0,0,True
288,0.11183966,0,0,True
289,0.021161439,0,0,True
290,0.02383556,0,0,True
291,0.3050648,0,0,True
292,0.91656756,1,1,True
293,0.8354284,1,1,True
294,0.043846127,0,0,True
295,0.038891535,0,0,True
296,0.21771339,1,0,False
297,0.0107505275,0,0,True
298,0.0122328885,0,0,True
299,0.029814664,0,0,True
300,0.8858053,0,1,False
301,0.047890615,0,0,True
302,0.009059527,0,0,True
303,0.005198193,0,0,True
304,0.43277797,1,0,False
305,0.7983125,1,1,True
306,0.03251332,0,0,True
307,0.51606,1,1,True
308,0.002450861,0,0,True
309,0.4222938,1,0,False
310,0.115820214,1,0,False
311,0.010432103,0,0,True
312,0.13774939,0,0,True
313,0.41638842,0,0,True
314,0.016814664,0,0,True
315,0.42353594,1,0,False
316,0.22292483,0,0,True
317,0.004480153,0,0,True
318,0.0075470125,0,0,True
319,0.124229014,0,0,True
320,0.5815326,0,1,False
321,0.59905356,0,1,False
322,0.06307003,0,0,True
323,0.8093618,1,1,True
324,0.0075671906,0,0,True
325,0.015077613,0,0,True
326,0.013754754,0,0,True
327,0.039476987,0,0,True
328,0.8600715,0,1,False
329,0.24510458,1,0,False
330,0.3328215,0,0,True
331,0.0004643757,0,0,True
332,0.090891205,0,0,True
333,0.1824488,0,0,True
334,0.30198234,0,0,True
335,0.85817,1,1,True
336,0.500687,1,1,True
337,0.02006544,0,0,True
338,0.34551597,0,0,True
339,0.51093715,1,1,True
340,0.82586205,0,1,False
341,0.5349244,0,1,False
342,0.016242756,0,0,True
343,0.14091216,0,0,True
344,0.50386935,1,1,True
345,0.010008964,0,0,True
346,0.79946965,1,1,True
347,0.7741975,1,1,True
348,0.039629873,0,0,True
349,0.0016551685,0,0,True
350,0.61283726,1,1,True
351,0.13666017,0,0,True
352,0.060608443,0,0,True
353,0.02337254,0,0,True
354,0.18744738,0,0,True
355,0.018032033,0,0,True
356,0.0039938465,0,0,True
357,0.0070521426,0,0,True
358,0.16534643,0,0,True
359,0.6864598,1,1,True
360,0.15896422,0,0,True
361,0.13291161,1,0,False
362,0.41946715,1,0,False
363,0.2536902,0,0,True
364,0.9024516,1,1,True
365,0.0067612627,0,0,True
366,0.004462021,0,0,True
367,0.061191637,0,0,True
368,0.46649405,0,0,True
369,0.062053993,0,0,True
370,0.17767058,0,0,True
371,0.00515243,0,0,True
372,0.919523,1,1,True
373,0.00095027406,0,0,True
374,0.008338167,0,0,True
375,0.16630362,1,0,False
376,0.42891535,0,0,True
377,0.16634135,0,0,True
378,0.6057481,1,1,True
379,0.85068136,1,1,True
380,0.54528743,0,1,False
381,0.0015100411,0,0,True
382,0.33998,0,0,True
383,0.08260049,1,0,False
384,0.0034997899,0,0,True
385,0.739167,1,1,True
386,0.21578497,0,0,True
387,0.26855323,0,0,True
388,0.427027,1,0,False
389,0.13468972,0,0,True
390,0.09422663,0,0,True
391,0.74670124,0,1,False
392,0.011563663,1,0,False
393,0.010990109,0,0,True
394,0.020260142,0,0,True
395,0.034711946,0,0,True
396,0.2327289,0,0,True
397,0.6402913,1,1,True
398,0.38043556,0,0,True
399,0.20318177,0,0,True
400,0.029023655,0,0,True
401,0.42822966,0,0,True
402,0.025924392,0,0,True
403,0.055952247,0,0,True
404,0.049309947,0,0,True
405,0.006978075,0,0,True
406,0.009900181,0,0,True
407,0.050320785,0,0,True
408,0.26663825,0,0,True
409,0.12277918,1,0,False
410,0.002586766,0,0,True
411,0.25534216,0,0,True
412,0.094572365,0,0,True
413,0.018574698,0,0,True
414,0.6953481,0,1,False
415,0.027936045,0,0,True
416,0.0025329322,0,0,True
417,0.6047472,0,1,False
418,0.43720794,1,0,False
419,0.0068904012,0,0,True
420,0.098517045,0,0,True
421,0.016412605,0,0,True
422,0.0005091371,0,0,True
423,0.09488392,0,0,True
424,0.82379127,0,1,False
425,0.107892245,1,0,False
426,0.07274129,0,0,True
427,0.92821103,1,1,True
428,0.24299063,0,0,True
429,0.8816224,0,1,False
430,0.0015233454,0,0,True
431,0.013020613,0,0,True
432,0.038255602,0,0,True
433,0.5459787,0,1,False
434,0.19500072,0,0,True
435,0.92443806,1,1,True
436,0.0046904786,0,0,True
437,0.6418624,1,1,True
438,0.9606075,1,1,True
439,0.023134701,0,0,True
440,0.0013470331,0,0,True
441,0.55401516,0,1,False
442,0.0003497372,0,0,True
443,0.08818633,0,0,True
444,0.029958667,0,0,True
445,0.260408,0,0,True
446,0.029600315,0,0,True
447,0.556017,1,1,True
448,0.018586842,0,0,True
449,0.0025519899,0,0,True
450,0.026246453,0,0,True
451,0.95017254,1,1,True
452,0.08071325,0,0,True
453,0.41282597,1,0,False
454,0.63397,1,1,True
455,0.94836867,1,1,True
456,0.9274402,1,1,True
457,0.18870892,0,0,True
458,0.024715107,0,0,True
459,0.93661356,1,1,True
460,0.012717581,0,0,True
461,0.3082125,0,0,True
462,0.26545694,1,0,False
463,0.7256316,1,1,True
464,0.044819172,0,0,True
465,0.46008468,0,0,True
466,0.016683664,0,0,True
467,0.018802553,0,0,True
468,0.20142874,0,0,True
469,0.05908479,0,0,True
470,0.0264919,0,0,True
471,0.07296209,0,0,True
472,0.057908803,0,0,True
473,0.22791603,1,0,False
474,0.381103,0,0,True
475,0.9355593,1,1,True
476,0.22060613,0,0,True
477,0.005070276,0,0,True
478,0.14052136,0,0,True
479,0.4204319,0,0,True
480,0.8188488,1,1,True
481,0.3783747,0,0,True
482,0.5511498,1,1,True
483,0.25558636,0,0,True
484,0.106785655,0,0,True
485,0.50718784,0,1,False
486,0.75713205,0,1,False
487,0.5783302,0,1,False
488,0.078072034,0,0,True
489,0.795975,1,1,True
490,0.25930214,1,0,False
491,0.8183439,0,1,False
492,0.14074427,0,0,True
493,0.25017348,0,0,True
494,0.8782735,1,1,True
495,0.25201052,0,0,True
496,0.0023099477,0,0,True
497,0.06475368,0,0,True
498,0.17943639,0,0,True
499,0.7821674,0,1,False
500,0.10139753,0,0,True
501,0.10515329,0,0,True
502,0.0015772698,0,0,True
503,0.0027008282,0,0,True
504,0.04320723,0,0,True
505,0.5905835,1,1,True
506,0.113421984,0,0,True
507,0.8156675,0,1,False
508,0.17239366,0,0,True
509,0.8163258,1,1,True
510,0.14060812,0,0,True
511,0.0012515677,0,0,True
512,0.37817127,1,0,False
513,0.011327374,0,0,True
514,0.013768468,0,0,True
515,0.782158,1,1,True
516,0.018393617,0,0,True
517,0.008997573,0,0,True
518,0.42517313,0,0,True
519,0.56916493,0,1,False
520,0.9020307,1,1,True
521,0.77381116,0,1,False
522,0.0149490945,0,0,True
523,0.060839508,0,0,True
524,0.5566696,1,1,True
525,0.59519494,0,1,False
526,0.014962968,0,0,True
527,0.009953053,0,0,True
528,0.16047856,0,0,True
529,0.016268888,0,0,True
530,0.011107238,0,0,True
531,0.014965519,0,0,True
532,0.005017782,0,0,True
533,0.8430472,0,1,False
534,0.5037444,0,1,False
535,0.45757645,0,0,True
536,0.0060548526,0,0,True
537,0.03343002,0,0,True
538,0.58251214,1,1,True
539,0.0010756268,0,0,True
540,0.68126076,0,1,False
541,0.012487301,0,0,True
542,0.3180485,0,0,True
543,0.19492064,0,0,True
544,0.032185603,0,0,True
545,0.74581164,0,1,False
546,0.77559054,1,1,True
547,0.0048157386,0,0,True
548,0.75352067,0,1,False
549,0.0061679715,0,0,True
550,0.8202641,0,1,False
551,0.45162028,0,0,True
552,0.94290936,1,1,True
553,0.019536288,0,0,True
554,0.008284567,0,0,True
555,0.3580688,0,0,True
556,0.16228537,0,0,True
557,0.007384837,0,0,True
558,0.0029982873,0,0,True
559,0.55070907,0,1,False
560,0.0069278236,0,0,True
561,0.10696153,0,0,True
562,0.47343612,1,0,False
563,0.6766731,1,1,True
564,0.57855535,1,1,True
565,0.001419155,0,0,True
566,0.4079068,1,0,False
567,0.9305297,1,1,True
568,0.010477279,0,0,True
569,0.0017792315,0,0,True
570,0.32365438,0,0,True
571,0.36761975,0,0,True
572,0.002787942,0,0,True
573,0.37219056,0,0,True
574,0.91052556,1,1,True
575,0.19619972,1,0,False
576,0.0066975215,0,0,True
577,0.21892644,0,0,True
578,0.04054393,0,0,True
579,0.013522076,0,0,True
580,0.024151789,0,0,True
581,0.11001722,0,0,True
582,0.49493536,1,0,False
583,0.006639502,0,0,True
584,0.95624244,1,1,True
585,0.044314682,0,0,True
586,0.0014938292,0,0,True
587,0.19290599,1,0,False
588,0.69091254,0,1,False
589,0.3764884,1,0,False
590,0.06869471,1,0,False
591,0.4167789,1,0,False
592,0.53509027,0,1,False
593,0.20052092,0,0,True
594,0.08156375,0,0,True
595,0.0012567155,0,0,True
596,0.59695613,1,1,True
597,0.01690778,0,0,True
598,0.072656624,0,0,True
599,0.17405672,1,0,False
600,0.025657363,0,0,True
601,0.5175225,0,1,False
602,0.020461543,0,0,True
603,0.8462245,1,1,True
604,0.06380715,0,0,True
605,0.12968817,1,0,False
606,0.46199563,1,0,False
607,0.3895193,0,0,True
608,0.74325264,1,1,True
609,0.63436157,1,1,True
610,0.014136004,0,0,True
611,0.94382066,1,1,True
612,0.15049276,1,0,False
613,0.017866552,0,0,True
614,0.55892146,1,1,True
615,0.57942873,0,1,False
616,0.008544347,0,0,True
617,0.012873627,0,0,True
618,0.3260818,0,0,True
619,0.019109927,0,0,True
620,0.23121607,0,0,True
621,0.010359842,0,0,True
622,0.043314613,0,0,True
623,0.0062389737,0,0,True
624,0.01637953,0,0,True
625,0.04797938,0,0,True
626,0.3663616,0,0,True
627,0.065376565,0,0,True
628,0.30952463,0,0,True
629,0.0076196953,0,0,True
630,0.058727402,0,0,True
631,0.20453791,0,0,True
632,0.76329285,1,1,True
633,0.0043517933,0,0,True
634,0.010047122,0,0,True
635,0.39449242,1,0,False
636,0.11019247,1,0,False
637,0.03276794,0,0,True
638,0.84911305,1,1,True
639,0.83060575,1,1,True
640,0.26701662,0,0,True
641,0.26449162,0,0,True
642,0.71373844,0,1,False
643,0.0031633768,0,0,True
644,0.1272567,0,0,True
645,0.019234087,0,0,True
646,0.47815457,0,0,True
647,0.15507962,0,0,True
648,0.1596215,0,0,True
649,0.014690659,0,0,True
650,0.04871442,0,0,True
651,0.0073847533,0,0,True
652,0.46452448,0,0,True
653,0.3881673,0,0,True
654,0.37734625,0,0,True
655,0.6336069,1,1,True
656,0.21828444,0,0,True
657,0.07620571,0,0,True
658,0.7136689,0,1,False
659,0.7358744,1,1,True
660,0.5861827,1,1,True
661,0.5971598,0,1,False
662,0.81251067,1,1,True
663,0.080835946,0,0,True
664,0.55230093,0,1,False
665,0.0054821284,0,0,True
666,0.5776725,1,1,True
667,0.020318357,0,0,True
668,0.7963195,1,1,True
669,0.76318437,1,1,True
670,0.04389815,0,0,True
671,0.020358613,0,0,True
672,0.052313793,0,0,True
673,0.018006358,0,0,True
674,0.23354709,0,0,True
675,0.78657055,0,1,False
676,0.42106777,0,0,True
677,0.007964576,0,0,True
678,0.74995404,1,1,True
679,0.18182528,0,0,True
680,0.5274668,0,1,False
681,0.0198396,0,0,True
682,0.1962747,0,0,True
683,0.3156083,0,0,True
684,0.55950415,1,1,True
685,0.36310902,1,0,False
686,0.05658129,0,0,True
687,0.012300873,0,0,True
688,0.024872093,0,0,True
689,0.078776404,0,0,True
690,0.95789814,1,1,True
691,0.8414539,1,1,True
692,0.011460966,0,0,True
693,0.059389014,0,0,True
694,0.12959146,0,0,True
695,0.77952987,1,1,True
696,0.0040645013,0,0,True
697,0.04478435,0,0,True
698,0.054805484,0,0,True
699,0.027700735,0,0,True
700,0.051360074,0,0,True
701,0.05695155,0,0,True
702,0.14634158,0,0,True
703,0.09784353,1,0,False
704,0.21044785,0,0,True
705,0.86872965,1,1,True
706,0.0566453,0,0,True
707,0.0061839344,0,0,True
708,0.066662535,0,0,True
709,0.9463041,1,1,True
710,0.25814208,0,0,True
711,0.7189992,0,1,False
712,0.59470844,0,1,False
713,0.6135271,0,1,False
714,0.8391937,1,1,True
715,0.11467572,1,0,False
716,0.68820274,1,1,True
717,0.024634743,0,0,True
718,0.0013720368,0,0,True
719,0.07695636,0,0,True
720,0.85151535,0,1,False
721,0.013363495,0,0,True
722,0.19279371,0,0,True
723,0.07474722,1,0,False
724,0.23665817,0,0,True
725,0.46547082,0,0,True
726,0.037119422,0,0,True
727,0.03846954,0,0,True
728,0.02591936,0,0,True
729,0.35983232,0,0,True
730,0.122941636,0,0,True
731,0.019590048,0,0,True
732,0.41092765,1,0,False
733,0.06359773,0,0,True
734,0.005735813,0,0,True
735,0.46560386,0,0,True
736,0.046934534,0,0,True
737,0.031235166,0,0,True
738,0.69214195,1,1,True
739,0.0017803353,0,0,True
740,0.6975368,0,1,False
741,0.23125346,0,0,True
742,0.002719226,0,0,True
743,0.04395212,0,0,True
744,0.74863875,1,1,True
745,0.00648148,0,0,True
746,0.028224139,0,0,True
747,0.00870947,0,0,True
748,0.07865793,0,0,True
749,0.38330296,0,0,True
750,0.029965527,0,0,True
751,0.8058308,0,1,False
752,0.006684519,0,0,True
753,0.7107818,1,1,True
754,0.65553886,1,1,True
755,0.009101768,0,0,True
756,0.30530927,0,0,True
757,0.28602716,1,0,False
758,0.58335805,1,1,True
759,0.85415894,0,1,False
760,0.067451514,0,0,True
761,0.03925956,0,0,True
762,0.2364331,0,0,True
763,0.20026776,0,0,True
764,0.5067606,0,1,False
765,0.32431394,1,0,False
766,0.2667608,0,0,True
767,0.007293337,0,0,True
768,0.21421224,0,0,True
769,0.16768783,1,0,False
770,0.09478918,0,0,True
771,0.3532078,1,0,False
772,0.042757507,0,0,True
773,0.2506812,1,0,False
774,0.13232517,0,0,True
775,0.01832131,0,0,True
776,0.45801795,1,0,False
777,0.63184047,1,1,True
778,0.70932126,0,1,False
779,0.018415097,0,0,True
780,0.11817484,0,0,True
781,0.029983096,0,0,True
782,0.1922115,0,0,True
783,0.0745263,0,0,True
784,0.4197863,0,0,True
785,0.15706411,0,0,True
786,0.015493607,0,0,True
787,0.047042698,0,0,True
788,0.023753084,0,0,True
789,0.11437894,0,0,True
790,0.7777834,1,1,True
791,0.2781103,0,0,True
792,0.5286015,0,1,False
793,0.13986999,0,0,True
794,0.007787748,0,0,True
795,0.90154564,1,1,True
796,0.009278799,0,0,True
797,0.6017558,0,1,False
798,0.61908567,1,1,True
799,0.47571144,0,0,True
800,0.9096233,1,1,True
801,0.0014815504,0,0,True
802,0.6223958,1,1,True
803,0.89181566,1,1,True
804,0.0074969092,0,0,True
805,0.35657948,0,0,True
806,0.5915475,0,1,False
807,0.5814177,0,1,False
808,0.91603774,1,1,True
809,0.77009296,1,1,True
810,0.010701262,0,0,True
811,0.75978225,1,1,True
812,0.0029901308,0,0,True
813,0.01587166,0,0,True
814,0.008271007,0,0,True
815,0.051920597,0,0,True
816,0.054454766,1,0,False
817,0.025653575,0,0,True
818,0.24053274,0,0,True
819,0.20371221,0,0,True
820,0.080618605,0,0,True
821,0.064414866,1,0,False
822,0.06615009,0,0,True
823,0.31937143,0,0,True
824,0.06777776,1,0,False
825,0.44084617,0,0,True
826,0.33446696,0,0,True
827,0.8944784,1,1,True
828,0.05798598,0,0,True
829,0.005251916,0,0,True
830,0.31107354,0,0,True
831,0.07435487,0,0,True
832,0.35943177,1,0,False
833,0.0037267122,0,0,True
834,0.09838704,0,0,True
835,0.37507454,0,0,True
836,0.6186159,1,1,True
837,0.05485396,0,0,True
838,0.007096536,0,0,True
839,0.055959444,0,0,True
840,0.75701135,1,1,True
841,0.69231296,1,1,True
842,0.16221787,0,0,True
843,0.060329463,0,0,True
844,0.12307932,0,0,True
845,0.31860986,0,0,True
846,0.10351013,0,0,True
847,0.000984602,0,0,True
848,0.14918157,0,0,True
849,0.118460566,0,0,True
850,0.5314316,1,1,True
851,0.04549183,1,0,False
852,0.0097422395,0,0,True
853,0.041754358,0,0,True
854,0.008508197,0,0,True
855,0.8835983,1,1,True
856,0.033878993,0,0,True
857,0.91406536,1,1,True
858,0.018837007,0,0,True
859,0.00045568563,0,0,True
860,0.0028397741,0,0,True
861,0.15292062,0,0,True
862,0.0038974576,0,0,True
863,0.14965267,1,0,False
864,0.0027827846,0,0,True
865,0.13200498,1,0,False
866,0.41562864,1,0,False
867,0.0046428554,0,0,True
868,0.23723572,0,0,True
869,0.64894557,1,1,True
870,0.02728193,0,0,True
871,0.3981679,1,0,False
872,0.12356485,1,0,False
873,0.94299257,1,1,True
874,0.0071049207,1,0,False
875,0.57305306,0,1,False
876,0.26424792,0,0,True
877,0.00637547,0,0,True
878,0.6510654,1,1,True
879,0.7779981,1,1,True
880,0.04368862,0,0,True
881,0.0005485349,0,0,True
882,0.93933773,1,1,True
883,0.2553382,1,0,False
884,0.57598007,0,1,False
885,0.70442927,1,1,True
886,0.09470448,1,0,False
887,0.49649706,1,0,False
888,0.4245767,0,0,True
889,0.07135819,0,0,True
890,0.0018021857,0,0,True
891,0.39207482,0,0,True
892,0.12260306,1,0,False
893,0.6834503,1,1,True
894,0.027897796,0,0,True
895,0.48328373,0,0,True
896,0.3393567,1,0,False
897,0.09959355,0,0,True
898,0.8802135,1,1,True
899,0.54346853,0,1,False
900,0.52984256,0,1,False
901,0.9017067,1,1,True
902,0.039098833,0,0,True
903,0.01877752,0,0,True
904,0.018346127,0,0,True
905,0.44557363,1,0,False
906,0.34982768,0,0,True
907,0.39361453,1,0,False
908,0.09836042,0,0,True
909,0.11312512,0,0,True
910,0.9411582,1,1,True
911,0.00114193,0,0,True
912,0.29681158,0,0,True
913,0.12406724,0,0,True
914,0.21262795,0,0,True
915,0.17191721,0,0,True
916,0.15533866,0,0,True
917,0.0013729583,0,0,True
918,0.07744306,0,0,True
919,0.6180079,1,1,True
920,0.96010286,1,1,True
921,0.08027048,0,0,True
922,0.13991772,0,0,True
923,0.5935222,0,1,False
924,0.87921166,1,1,True
925,0.57895434,0,1,False
926,0.18549713,0,0,True
927,0.1568635,0,0,True
928,0.011693213,0,0,True
929,0.22092023,0,0,True
930,0.017170746,0,0,True
931,0.1560467,0,0,True
932,0.6117693,1,1,True
933,0.76041335,1,1,True
934,0.020062197,0,0,True
935,0.014374814,0,0,True
936,0.08619909,0,0,True
937,0.0003966342,0,0,True
938,0.27656442,0,0,True
939,0.057458512,0,0,True
940,0.21021411,0,0,True
941,0.1434863,0,0,True
942,0.2127159,0,0,True
943,0.019444188,0,0,True
944,0.7463232,0,1,False
945,0.076276384,1,0,False
946,0.010776187,0,0,True
947,0.3573015,0,0,True
948,0.019843346,0,0,True
949,0.30067113,0,0,True
950,0.42341152,1,0,False
951,0.0037201229,0,0,True
952,0.0058893487,0,0,True
953,0.11224593,1,0,False
954,0.17092611,0,0,True
955,0.005265283,0,0,True
956,0.3094456,0,0,True
957,0.20391718,0,0,True
958,0.09168039,0,0,True
959,0.63894767,0,1,False
960,0.044280183,0,0,True
961,0.62390697,1,1,True
962,0.13885266,0,0,True
963,0.58046544,1,1,True
964,0.725188,1,1,True
965,0.25813684,0,0,True
966,0.0077448254,0,0,True
967,0.96000177,1,1,True
968,0.010672823,0,0,True
969,0.013696284,0,0,True
970,0.5647955,1,1,True
971,0.24920431,0,0,True
972,0.19430506,0,0,True
973,0.041514535,0,0,True
974,0.0011516267,0,0,True
975,0.0046715434,0,0,True
976,0.046006918,0,0,True
977,0.01988479,0,0,True
978,0.6990955,0,1,False
979,0.044894725,0,0,True
980,0.0034809837,0,0,True
981,0.6807248,1,1,True
982,0.74992996,1,1,True
983,0.24542831,1,0,False
984,0.013802839,0,0,True
985,0.22406262,0,0,True
986,0.075532,0,0,True
987,0.01256986,0,0,True
988,0.1962612,0,0,True
989,0.7120542,0,1,False
990,0.016345853,0,0,True
991,0.05080162,0,0,True
992,0.6252756,1,1,True
993,0.06971304,0,0,True
994,0.013282396,0,0,True
995,0.0014719442,0,0,True
996,0.73029274,0,1,False
997,0.005384519,0,0,True
998,0.0024371604,0,0,True
999,0.22225274,0,0,True
1000,0.7104823,1,1,True
1001,0.03598467,0,0,True
1002,0.048177086,0,0,True
1003,0.81780225,1,1,True
1004,0.3408865,1,0,False
1005,0.030414425,0,0,True
1006,0.37549764,0,0,True
1007,0.034228414,0,0,True
1008,0.73941106,0,1,False
1009,0.01927966,0,0,True
1010,0.10967953,1,0,False
1011,0.05814998,0,0,True
1012,0.3709633,0,0,True
1013,0.0235681,0,0,True
1014,0.01341882,0,0,True
1015,0.61147624,0,1,False
1016,0.433677,1,0,False
1017,0.4811869,1,0,False
1018,0.020714479,0,0,True
1019,0.035094514,0,0,True
1020,0.25002557,0,0,True
1021,0.5181396,1,1,True
1022,0.074968405,0,0,True
1023,0.40859598,1,0,False
1024,0.034801096,0,0,True
1025,0.68650746,0,1,False
1026,0.9002765,0,1,False
1027,0.2546339,0,0,True
1028,0.041231867,0,0,True
1029,0.7566535,1,1,True
1030,0.01677991,0,0,True
1031,0.002134624,0,0,True
1032,0.010312096,0,0,True
1033,0.13485278,0,0,True
1034,0.22031379,0,0,True
1035,0.020234192,0,0,True
1036,0.022821588,0,0,True
1037,0.8303415,0,1,False
1038,0.0016584655,0,0,True
1039,0.18110985,0,0,True
1040,0.35562506,1,0,False
1041,0.7196407,0,1,False
1042,0.0041626845,0,0,True
1043,0.00699487,0,0,True
1044,0.29006782,0,0,True
1045,0.51928157,1,1,True
1046,0.020404084,0,0,True
1047,0.2317536,1,0,False
1048,0.081199646,0,0,True
1049,0.75356543,1,1,True
1050,0.38794208,0,0,True
1051,0.15948837,0,0,True
1052,0.07667676,1,0,False
1053,0.007075444,0,0,True
1054,0.010146237,0,0,True
1055,0.49537998,0,0,True
1056,0.4532211,0,0,True
1057,0.84032625,0,1,False
1058,0.020339578,0,0,True
1059,0.0664098,0,0,True
1060,0.014374436,0,0,True
1061,0.02115154,1,0,False
1062,0.41528526,0,0,True
1063,0.3772243,0,0,True
1064,0.65567476,0,1,False
1065,0.8135889,1,1,True
1066,0.015901638,0,0,True
1067,0.8132527,1,1,True
1068,0.027779011,0,0,True
1069,0.5437062,0,1,False
1070,0.07255982,0,0,True
1071,0.06835413,0,0,True
1072,0.0015813163,0,0,True
1073,0.040588684,0,0,True
1074,0.32505557,0,0,True
1075,0.8672695,1,1,True
1076,0.033844486,0,0,True
1077,0.41943517,1,0,False
1078,0.04017078,0,0,True
1079,0.7590487,1,1,True
1080,0.7452175,1,1,True
1081,0.06623275,0,0,True
1082,0.03722576,0,0,True
1083,0.013625858,0,0,True
1084,0.25963768,1,0,False
1085,0.007060301,0,0,True
1086,0.48515505,1,0,False
1087,0.016554644,0,0,True
1088,0.5924776,1,1,True
1089,0.75052506,0,1,False
1090,0.10443154,0,0,True
1091,0.34331,0,0,True
1092,0.5243518,0,1,False
1093,0.0017918914,0,0,True
1094,0.042574167,0,0,True
1095,0.0016452342,0,0,True
1096,0.16345829,0,0,True
1097,0.111004435,0,0,True
1098,0.8693572,1,1,True
1099,0.0033949227,0,0,True
1100,0.061188623,0,0,True
1101,0.26239783,0,0,True
1102,0.36558712,0,0,True
1103,0.16066375,0,0,True
1104,0.5552609,0,1,False
1105,0.0058088955,0,0,True
1106,0.5311628,1,1,True
1107,0.17444246,0,0,True
1108,0.0043881033,0,0,True
1109,0.7428906,1,1,True
1110,0.0028054896,0,0,True
1111,0.0034548135,0,0,True
1112,0.75102305,1,1,True
1113,0.6141349,1,1,True
1114,0.015766095,0,0,True
1115,0.040651966,0,0,True
1116,0.17952634,1,0,False
1117,0.073298685,1,0,False
1118,0.0271644,0,0,True
1119,0.4733283,1,0,False
1120,0.1298011,0,0,True
1121,0.43787542,0,0,True
1122,0.7998129,0,1,False
1123,0.8787641,1,1,True
1124,0.8309427,1,1,True
1125,0.9123595,1,1,True
1126,0.036530282,0,0,True
1127,0.01117166,0,0,True
1128,0.39514202,0,0,True
1129,0.16031982,1,0,False
1130,0.376511,1,0,False
1131,0.025019165,0,0,True
1132,0.023534786,0,0,True
1133,0.003571807,0,0,True
1134,0.24977082,0,0,True
1135,0.0007926638,0,0,True
1136,0.11847117,0,0,True
1137,0.24209248,0,0,True
1138,0.32859242,0,0,True
1139,0.00898596,0,0,True
1140,0.106343746,0,0,True
1141,0.15099043,0,0,True
1142,0.19742814,0,0,True
1143,0.008067003,0,0,True
1144,0.2994499,0,0,True
1145,0.018645292,0,0,True
1146,0.21000369,0,0,True
1147,0.09176706,0,0,True
1148,0.032996185,0,0,True
1149,0.43767822,1,0,False
1150,0.66671705,1,1,True
1151,0.33898404,1,0,False
1152,0.02044693,0,0,True
1153,0.010119124,0,0,True
1154,0.028460117,0,0,True
1155,0.9380118,1,1,True
1156,0.22752868,0,0,True
1157,0.03052216,0,0,True
1158,0.00842081,0,0,True
1159,0.07567585,0,0,True
1160,0.45005676,0,0,True
1161,0.08130477,0,0,True
1162,0.8935563,1,1,True
1163,0.06888821,0,0,True
1164,0.07011999,0,0,True
1165,0.34562778,1,0,False
1166,0.35254857,0,0,True
1167,0.65354794,0,1,False
1168,0.097634226,1,0,False
1169,0.17181201,0,0,True
1170,0.7779193,0,1,False
1171,0.004524051,0,0,True
1172,0.36389676,1,0,False
1173,0.058928434,0,0,True
1174,0.010951481,0,0,True
1175,0.8172949,1,1,True
1176,0.13342075,0,0,True
1177,0.005604559,0,0,True
1178,0.0008364062,0,0,True
1179,0.0233328,0,0,True
1180,0.35697958,1,0,False
1181,0.75219977,1,1,True
1182,0.036038376,0,0,True
1183,0.39812642,1,0,False
1184,0.24957274,0,0,True
1185,0.081009775,0,0,True
1186,0.01191701,0,0,True
1187,0.7265544,1,1,True
1188,0.12873575,1,0,False
1189,0.85845023,1,1,True
1190,0.77413625,1,1,True
1191,0.0019257566,0,0,True
1192,0.1334654,0,0,True
1193,0.0070196553,0,0,True
1194,0.11337428,1,0,False
1195,0.5163845,0,1,False
1196,0.14797272,0,0,True
1197,0.29880732,0,0,True
1198,0.44691744,0,0,True
1199,0.5593691,0,1,False
1200,0.007037506,0,0,True
1201,0.016029239,0,0,True
1202,0.014757421,0,0,True
1203,0.5895104,0,1,False
1204,0.7924042,1,1,True
1205,0.060993694,1,0,False
1206,0.037693452,0,0,True
1207,0.08613144,0,0,True
1208,0.1298648,0,0,True
1209,0.00094325794,0,0,True
1210,0.18768907,0,0,True
1211,0.350198,0,0,True
1212,0.7864322,1,1,True
1213,0.4391657,1,0,False
1214,0.7465042,1,1,True
1215,0.43042937,0,0,True
1216,0.026447695,0,0,True
1217,0.49286038,0,0,True
1218,0.10460246,0,0,True
1219,0.058836892,0,0,True
1220,0.9678909,1,1,True
1221,0.004500379,0,0,True
1222,0.7013141,0,1,False
1223,0.008771594,0,0,True
1224,0.037720457,0,0,True
1225,0.006834103,0,0,True
1226,0.007142069,0,0,True
1227,0.5937841,1,1,True
1228,0.048352588,0,0,True
1229,0.78196687,0,1,False
1230,0.01331967,0,0,True
1231,0.00945987,0,0,True
1232,0.5014262,0,1,False
1233,0.55924916,0,1,False
1234,0.17602323,0,0,True
1235,0.39247528,1,0,False
1236,0.20493788,0,0,True
1237,0.18842441,1,0,False
1238,0.7808921,1,1,True
1239,0.4824907,1,0,False
1240,0.07376656,0,0,True
1241,0.2522396,0,0,True
1242,0.045755405,0,0,True
1243,0.62667125,1,1,True
1244,0.72547966,1,1,True
1245,0.00026722281,0,0,True
1246,0.44201958,1,0,False
1247,0.07653537,0,0,True
1248,0.1658819,1,0,False
1249,0.001931358,0,0,True
1250,0.0056088925,0,0,True
1251,0.009518632,0,0,True
1252,0.1706404,1,0,False
1253,0.11960158,0,0,True
1254,0.06916301,1,0,False
1255,0.005400355,0,0,True
1256,0.018934833,0,0,True
1257,0.2348802,1,0,False
1258,0.03515726,0,0,True
1259,0.04661203,0,0,True
1260,0.9271599,1,1,True
1261,0.002801705,0,0,True
1262,0.4053962,1,0,False
1263,0.020899354,0,0,True
1264,0.61412525,0,1,False
1265,0.0123426085,0,0,True
1266,0.025350133,0,0,True
1267,0.0032356405,0,0,True
1268,0.84664315,1,1,True
1269,0.5862548,0,1,False
1270,0.94239175,1,1,True
1271,0.38685176,0,0,True
1272,0.0071243965,0,0,True
1273,0.30204535,1,0,False
1274,0.0028618725,1,0,False
1275,0.0069473963,1,0,False
1276,0.17230384,0,0,True
1277,0.0038982858,0,0,True
1278,0.0059946734,0,0,True
1279,0.007242796,0,0,True
1280,0.8784246,0,1,False
1281,0.03638019,0,0,True
1282,0.5157312,1,1,True
1283,0.1505162,0,0,True
1284,0.00066026335,0,0,True
1285,0.17663574,0,0,True
1286,0.027331604,0,0,True
1287,0.95081896,1,1,True
1288,0.012016739,0,0,True
1289,0.006482604,0,0,True
1290,0.23276943,0,0,True
1291,0.15448263,0,0,True
1292,0.0020033428,0,0,True
1293,0.030782975,0,0,True
1294,0.8150905,1,1,True
1295,0.64651245,1,1,True
1296,0.6637909,1,1,True
1297,0.8704233,1,1,True
1298,0.0112204915,0,0,True
1299,0.004037556,0,0,True
1300,0.54500073,1,1,True
1301,0.07956256,0,0,True
1302,0.74562305,0,1,False
1303,0.014770363,0,0,True
1304,0.099710256,0,0,True
1305,0.07553075,1,0,False
1306,0.013248972,0,0,True
1307,0.019776024,0,0,True
1308,0.015950505,0,0,True
1309,0.5039578,0,1,False
1310,0.23431195,0,0,True
1311,0.0086403135,0,0,True
1312,0.0039024893,0,0,True
1313,0.009724508,0,0,True
1314,0.10806206,1,0,False
1315,0.0057691946,1,0,False
1316,0.009845505,0,0,True
1317,0.11029935,1,0,False
1318,0.35550573,1,0,False
1319,0.54108465,1,1,True
1320,0.13894626,1,0,False
1321,0.47325036,0,0,True
1322,0.56429034,1,1,True
1323,0.060223076,0,0,True
1324,0.9171444,0,1,False
1325,0.021867426,0,0,True
1326,0.46038234,1,0,False
1327,0.2285077,0,0,True
1328,0.7999017,1,1,True
1329,0.5996238,0,1,False
1330,0.2142241,1,0,False
1331,0.0013626984,0,0,True
1332,0.18253788,0,0,True
1333,0.0015019637,0,0,True
1334,0.11294016,0,0,True
1335,0.29184875,1,0,False
1336,0.87174857,0,1,False
1337,0.014234438,0,0,True
1338,0.5381288,1,1,True
1339,0.7390038,0,1,False
1340,0.09031528,0,0,True
1341,0.009179167,0,0,True
1342,0.22868384,0,0,True
1343,0.01120322,0,0,True
1344,0.009857784,0,0,True
1345,0.5532947,1,1,True
1346,0.63609225,0,1,False
1347,0.025137749,0,0,True
1348,0.027150754,0,0,True
1349,0.3008935,1,0,False
1350,0.2077362,0,0,True
1351,0.017453097,0,0,True
1352,0.021056764,0,0,True
1353,0.009059236,0,0,True
1354,0.06296313,0,0,True
1355,0.017492127,0,0,True
1356,0.022052823,0,0,True
1357,0.731992,1,1,True
1358,0.012684981,0,0,True
1359,0.010649174,0,0,True
1360,0.03208911,1,0,False
1361,0.03229886,0,0,True
1362,0.54576343,0,1,False
1363,0.64903426,0,1,False
1364,0.07823966,0,0,True
1365,0.013128429,0,0,True
1366,0.04159713,1,0,False
1367,0.10888671,0,0,True
1368,0.90742207,1,1,True
1369,0.09889142,1,0,False
1370,0.0050736424,0,0,True
1371,0.009029935,0,0,True
1372,0.8328323,1,1,True
1373,0.7879121,1,1,True
1374,0.6111366,0,1,False
1375,0.013531983,0,0,True
1376,0.01719848,0,0,True
1377,0.6749069,0,1,False
1378,0.6856457,0,1,False
1379,0.37305483,0,0,True
1380,0.002340403,0,0,True
1381,0.068205394,0,0,True
1382,0.51529646,1,1,True
1383,0.009715915,0,0,True
1384,0.05557958,0,0,True
1385,0.5492486,1,1,True
1386,0.02950254,0,0,True
1387,0.40249482,0,0,True
1388,0.006332474,0,0,True
1389,0.0043576937,0,0,True
1390,0.2973511,1,0,False
1391,0.11469574,0,0,True
1392,0.080247596,0,0,True
1393,0.04742079,0,0,True
1394,0.6886863,1,1,True
1395,0.050070558,0,0,True
1396,0.07487384,0,0,True
1397,0.08099719,0,0,True
1398,0.00853237,0,0,True
1399,0.007540205,0,0,True
1400,0.7734183,1,1,True
1401,0.048909627,0,0,True
1402,0.020935219,0,0,True
1403,0.9603337,1,1,True
1404,0.03398034,0,0,True
1405,0.10698032,0,0,True
1406,0.5668347,0,1,False
1407,0.5520696,1,1,True
1408,0.02100083,0,0,True
1409,0.0019053493,0,0,True
1410,0.021504072,0,0,True
1411,0.069574304,0,0,True
1412,0.85321754,0,1,False
1413,0.34241134,0,0,True
1414,0.09711828,0,0,True
1415,0.31034717,0,0,True
1416,0.40979466,0,0,True
1417,0.17984031,0,0,True
1418,0.0050612637,0,0,True
1419,0.13380447,1,0,False
1420,0.019388925,0,0,True
1421,0.3109494,0,0,True
1422,0.7493367,1,1,True
1423,0.009858887,0,0,True
1424,0.008130791,0,0,True
1425,0.023492174,1,0,False
1426,0.05193844,0,0,True
1427,0.05019624,0,0,True
1428,0.43293136,0,0,True
1429,0.086569756,0,0,True
1430,0.009970571,0,0,True
1431,0.04473054,0,0,True
1432,0.67653656,0,1,False
1433,0.023903156,0,0,True
1434,0.0016396241,0,0,True
1435,0.74955565,0,1,False
1436,0.010861653,1,0,False
1437,0.031066231,0,0,True
1438,0.19067074,0,0,True
1439,0.041426167,0,0,True
1440,0.0051658703,0,0,True
1441,0.6818868,1,1,True
1442,0.30922174,0,0,True
1443,0.02406989,0,0,True
1444,0.12087861,0,0,True
1445,0.0041630445,1,0,False
1446,0.0154254,0,0,True
1447,0.28257507,1,0,False
1448,0.75610304,0,1,False
1449,0.10878693,0,0,True
1450,0.018970331,0,0,True
1451,0.8729927,1,1,True
1452,0.029130157,0,0,True
1453,0.031138735,0,0,True
1454,0.0010965368,0,0,True
1455,0.026520459,0,0,True
1456,0.5519293,0,1,False
1457,0.009495485,0,0,True
1458,0.61437356,0,1,False
1459,0.034634728,0,0,True
1460,0.016365271,0,0,True
1461,0.004683885,0,0,True
1462,0.30667007,0,0,True
1463,0.05968972,0,0,True
1464,0.73341423,0,1,False
1465,0.2335302,0,0,True
1466,0.01074708,0,0,True
1467,0.058440935,0,0,True
1468,0.6572741,1,1,True
1469,0.006131809,0,0,True
1470,0.5766439,0,1,False
1471,0.64689475,1,1,True
1472,0.023756098,0,0,True
1473,0.05085726,0,0,True
1474,0.27710852,1,0,False
1475,0.37125167,1,0,False
1476,0.06499531,0,0,True
1477,0.082511514,0,0,True
1478,0.039462816,0,0,True
1479,0.7519192,1,1,True
1480,0.1101598,0,0,True
1481,0.03344595,0,0,True
1482,0.2564009,0,0,True
1483,0.003982688,0,0,True
1484,0.88624805,1,1,True
1485,0.0051018316,0,0,True
1486,0.66437244,0,1,False
1487,0.7894762,1,1,True
1488,0.5624245,0,1,False
1489,0.89329195,1,1,True
1490,0.4449804,0,0,True
1491,0.67117894,1,1,True
1492,0.6019433,1,1,True
1493,0.4150535,0,0,True
1494,0.7524229,1,1,True
1495,0.45262444,0,0,True
1496,0.4395089,0,0,True
1497,0.100604534,0,0,True
1498,0.3281169,1,0,False
1499,0.45505315,0,0,True
1500,0.28941074,0,0,True
1501,0.032361545,0,0,True
1502,0.009515706,1,0,False
1503,0.057983972,0,0,True
1504,0.11230629,1,0,False
1505,0.019046925,0,0,True
1506,0.22396237,0,0,True
1507,0.13362907,1,0,False
1508,0.005177077,0,0,True
1509,0.2944563,0,0,True
1510,0.25277868,0,0,True
1511,0.15401413,0,0,True
1512,0.026949441,0,0,True
1513,0.8080012,1,1,True
1514,0.7235955,0,1,False
1515,0.06269118,0,0,True
1516,0.0014498236,0,0,True
1517,0.057993963,0,0,True
1518,0.27871925,0,0,True
1519,0.054181956,0,0,True
1520,0.5186916,0,1,False
1521,0.59410137,0,1,False
1522,0.6936601,0,1,False
1523,0.1297775,0,0,True
1524,0.69795114,0,1,False
1525,0.59499043,1,1,True
1526,0.90917176,1,1,True
1527,0.29788685,1,0,False
1528,0.0041736616,0,0,True
1529,0.11256049,0,0,True
1530,0.5092424,1,1,True
1531,0.04230343,0,0,True
1532,0.09374507,0,0,True
1533,0.7683145,1,1,True
1534,0.2714856,0,0,True
1535,0.4971787,0,0,True
1536,0.014073694,0,0,True
1537,0.06620762,0,0,True
1538,0.9591579,0,1,False
1539,0.016329754,1,0,False
1540,0.03368504,1,0,False
